IncidentID,incident_date,IncidentTypeId,CollisionTypeID,IncidentSeverityID,AuthorityID,IncidentStateID,IncidentCityID,incident_city,incident_location,incident_hour_of_the_day,number_of_vehicles_involved,PropertyDamageID,property_damage,bodily_injuries,witnesses,PoliceReportAvailableID,police_report_available,policy_number
133,2/22/2015,1,2,1,1,1,1,Arlington,2808 Elm St,21,3,1,?,0,1,1,?,618659
262,2/7/2015,3,2,1,5,1,1,Arlington,5812 Oak St,3,1,1,?,2,0,1,?,475588
152,2/27/2015,1,3,1,2,1,2,Hillsdale,8586 1st Ridge,4,3,1,?,2,1,1,?,565157
988,1/13/2015,3,4,1,4,1,2,Hillsdale,5663 Oak Lane,10,1,1,?,0,3,1,?,836349
369,2/1/2015,3,4,2,5,1,3,Northbend,9929 Rock Drive,5,1,1,?,0,2,1,?,216738
836,2/17/2015,4,1,2,3,1,4,Northbrook,4814 Lincoln Lane,6,1,1,?,0,2,1,?,528259
82,1/3/2015,4,1,4,3,1,4,Northbrook,7098 Lincoln Hwy,10,1,1,?,2,1,1,?,645258
952,1/16/2015,3,4,3,1,1,5,Riverwood,7082 Oak Ridge,21,1,1,?,0,3,1,?,125591
435,2/9/2015,3,3,1,2,1,5,Riverwood,4486 Cherokee Ridge,12,1,1,?,0,3,1,?,172307
602,1/24/2015,3,2,2,4,1,5,Riverwood,5790 Flute Ridge,3,1,1,?,2,0,1,?,171183
659,1/8/2015,3,3,2,2,1,6,Springfield,8548 Cherokee Ridge,20,1,1,?,2,0,1,?,674485
827,1/28/2015,3,2,2,2,2,7,Arlington,2646 MLK Drive,10,1,1,?,0,1,1,?,907012
822,2/22/2015,1,4,2,2,2,7,Arlington,5191 4th St,7,3,1,?,0,0,1,?,149601
649,2/11/2015,2,1,4,3,2,7,Arlington,4558 3rd Hwy,4,1,1,?,0,2,1,?,757352
52,1/17/2015,4,1,4,3,2,7,Arlington,2280 4th Ave,4,1,1,?,1,2,1,?,537546
499,1/13/2015,3,2,1,5,2,7,Arlington,2086 Francis Drive,11,1,1,?,0,0,1,?,445289
120,2/20/2015,1,3,2,5,2,7,Arlington,1628 Best Drive,7,3,1,?,0,1,1,?,531640
942,1/22/2015,1,4,1,2,2,8,Columbus,6931 Elm St,19,3,1,?,0,0,1,?,724752
340,1/21/2015,1,2,3,2,2,8,Columbus,4119 Texas St,0,3,1,?,1,3,1,?,620855
151,1/9/2015,3,4,3,4,2,8,Columbus,7121 Britain Drive,17,1,1,?,1,0,1,?,203914
160,2/5/2015,4,1,2,5,2,8,Columbus,1562 Britain St,9,1,1,?,2,0,1,?,854021
797,1/12/2015,3,3,1,1,2,9,Hillsdale,2217 Tree Lane,7,1,1,?,2,3,1,?,728025
761,3/1/2015,1,4,2,4,2,9,Hillsdale,9240 Britain Ave,1,3,1,?,2,1,1,?,715202
388,2/10/2015,3,2,3,4,2,9,Hillsdale,2654 Elm Drive,21,1,1,?,1,2,1,?,204294
39,1/21/2015,1,3,1,5,2,9,Hillsdale,3930 Embaracadero St,4,3,1,?,2,0,1,?,485664
878,1/8/2015,1,2,3,4,2,10,Northbend,3841 Washington Lane,21,3,1,?,2,3,1,?,676255
319,1/19/2015,1,3,2,5,2,10,Northbend,5925 Tree Hwy,1,3,1,?,1,0,1,?,162004
760,1/18/2015,3,2,2,1,2,11,Northbrook,1331 Elm Ridge,0,1,1,?,0,3,1,?,327488
109,2/2/2015,3,2,1,2,2,11,Northbrook,2306 5th Lane,1,1,1,?,0,0,1,?,163161
563,2/26/2015,3,2,3,2,2,11,Northbrook,9078 Francis Ridge,23,1,1,?,1,3,1,?,919875
939,1/16/2015,3,2,1,4,2,11,Northbrook,5608 Solo St,4,1,1,?,0,0,1,?,746630
937,1/9/2015,3,2,2,5,2,11,Northbrook,9043 Maple Hwy,6,1,1,?,1,0,1,?,643226
871,2/12/2015,3,2,3,2,2,12,Riverwood,3196 Cherokee St,18,1,1,?,1,0,1,?,979963
645,2/28/2015,3,2,2,4,2,12,Riverwood,6467 Best Ave,23,1,1,?,2,2,1,?,463513
379,2/8/2015,1,4,2,1,2,13,Springfield,1914 Francis St,19,3,1,?,2,0,1,?,736771
331,2/21/2015,3,4,1,2,2,13,Springfield,4272 Oak Ridge,23,1,1,?,2,3,1,?,818413
895,2/17/2015,2,1,2,3,2,13,Springfield,1298 Maple Hwy,6,1,1,?,1,3,1,?,927354
844,2/20/2015,1,2,1,4,2,13,Springfield,9177 Texas Ave,18,3,1,?,0,2,1,?,264221
239,2/16/2015,3,4,1,4,2,13,Springfield,8281 Lincoln Lane,19,1,1,?,1,1,1,?,280709
486,2/17/2015,3,2,3,4,2,13,Springfield,2850 Washington St,0,1,1,?,2,1,1,?,167231
7,1/13/2015,1,2,2,5,2,13,Springfield,5846 Weaver Drive,0,3,1,?,0,0,1,?,413978
212,1/5/2015,4,1,4,3,3,14,Columbus,3878 Tree Lane,9,1,1,?,1,2,1,?,218684
994,2/17/2015,1,4,3,4,3,15,Hillsdale,1643 Washington Hwy,20,3,1,?,0,1,1,?,674570
267,1/29/2015,1,4,1,2,4,16,Columbus,7162 Maple Ave,9,3,1,?,2,2,1,?,889883
671,1/12/2015,1,3,3,1,4,17,Hillsdale,2711 Britain Ave,17,3,1,?,1,3,1,?,730973
128,2/8/2015,2,1,2,5,4,18,Northbrook,1240 Tree Lane,9,1,1,?,2,0,1,?,428230
437,2/25/2015,3,4,1,2,4,19,Riverwood,2774 Apache Drive,6,1,1,?,1,2,1,?,432068
475,2/20/2015,2,1,2,5,4,20,Springfield,9685 Sky Ridge,19,1,1,?,2,2,1,?,218456
598,2/2/2015,2,1,4,5,4,20,Springfield,1821 Andromedia Ridge,3,1,1,?,2,1,1,?,276804
550,2/28/2015,1,3,2,1,5,21,Arlington,8100 3rd Ave,0,3,1,?,2,1,1,?,788502
940,1/12/2015,1,3,1,4,5,21,Arlington,6981 Weaver St,21,3,1,?,1,0,1,?,598308
864,2/23/2015,1,2,2,4,5,21,Arlington,8832 Pine Drive,15,3,1,?,0,2,1,?,101421
892,1/18/2015,1,3,3,4,5,21,Arlington,3275 Pine St,9,2,1,?,0,3,1,?,698589
200,1/13/2015,4,1,2,5,5,21,Arlington,8718 Apache Lane,7,1,1,?,1,1,1,?,171254
22,2/10/2015,1,4,3,5,5,21,Arlington,8957 Weaver Drive,15,3,1,?,1,2,1,?,431876
984,2/26/2015,2,1,4,5,5,21,Arlington,7042 Maple Ridge,9,1,1,?,2,1,1,?,774895
568,1/18/2015,1,2,1,1,5,22,Columbus,6971 Best Ridge,18,3,1,?,1,2,1,?,403776
846,1/31/2015,1,4,1,1,5,22,Columbus,9942 Tree Ave,11,3,1,?,0,1,1,?,672416
248,2/1/2015,1,3,3,1,5,22,Columbus,1830 Sky St,15,3,1,?,0,1,1,?,187775
57,2/28/2015,1,2,1,2,5,22,Columbus,4866 4th Hwy,12,3,1,?,2,3,1,?,524836
617,2/10/2015,1,4,1,2,5,22,Columbus,5249 4th Ave,14,2,1,?,2,2,1,?,594988
679,1/6/2015,1,2,2,2,5,22,Columbus,9422 Washington Ridge,11,3,1,?,0,2,1,?,749325
818,1/3/2015,3,3,1,4,5,22,Columbus,8493 Apache Drive,16,1,1,?,1,1,1,?,254837
817,2/10/2015,1,4,2,4,5,22,Columbus,2537 5th Ave,4,4,1,?,0,0,1,?,521592
71,2/20/2015,1,4,1,4,5,23,Hillsdale,8006 Maple Hwy,12,2,1,?,2,3,1,?,486676
313,1/4/2015,3,4,3,4,5,23,Hillsdale,7791 Britain Ridge,0,1,1,?,0,0,1,?,278091
264,1/10/2015,1,4,2,5,5,23,Hillsdale,8809 Flute St,5,3,1,?,1,1,1,?,226725
130,1/14/2015,1,2,1,2,5,24,Northbend,7756 Solo Drive,0,3,1,?,1,2,1,?,469874
424,1/11/2015,3,4,2,2,5,24,Northbend,2668 Cherokee St,12,1,1,?,0,0,1,?,830729
674,1/20/2015,3,3,1,5,5,24,Northbend,4995 Weaver Ridge,3,1,1,?,0,1,1,?,998865
381,1/13/2015,1,4,3,5,5,24,Northbend,1985 5th Ave,18,3,1,?,1,3,1,?,626074
298,2/25/2015,2,1,4,5,5,24,Northbend,5279 Pine Ridge,3,1,1,?,2,3,1,?,419954
970,2/23/2015,4,1,4,5,5,24,Northbend,8167 Apache Ave,7,1,1,?,2,3,1,?,844062
312,2/16/2015,1,2,1,1,5,25,Northbrook,6985 Maple Lane,3,3,1,?,0,3,1,?,582973
162,1/16/2015,3,2,3,1,5,25,Northbrook,7523 Oak Lane,12,1,1,?,2,0,1,?,139484
80,1/21/2015,3,3,1,2,5,25,Northbrook,6530 Weaver Ave,16,1,1,?,1,2,1,?,279422
142,1/19/2015,4,1,4,3,5,25,Northbrook,5532 Weaver Ridge,9,1,1,?,2,3,1,?,456604
367,2/3/2015,4,1,4,3,5,25,Northbrook,8864 Tree Ridge,9,1,1,?,2,0,1,?,979285
826,1/10/2015,3,2,3,5,5,26,Riverwood,2820 Britain St,19,1,1,?,1,1,1,?,569245
144,2/14/2015,3,3,1,1,5,27,Springfield,8576 Andromedia St,14,1,1,?,2,3,1,?,354105
359,1/20/2015,3,4,1,1,5,27,Springfield,4907 Andromedia Drive,22,1,1,?,1,3,1,?,563837
619,1/13/2015,3,3,3,1,5,27,Springfield,8212 Flute Ridge,22,1,1,?,1,0,1,?,191891
607,2/5/2015,3,4,3,1,5,27,Springfield,8602 Washington Ridge,3,1,1,?,0,3,1,?,284834
214,1/26/2015,1,4,1,4,5,27,Springfield,9138 1st St,6,3,1,?,1,0,1,?,743163
496,1/27/2015,3,3,2,4,5,27,Springfield,1532 Washington St,19,1,1,?,0,3,1,?,156636
504,1/9/2015,3,2,3,4,5,27,Springfield,1325 1st Lane,1,1,1,?,1,0,1,?,231127
192,2/13/2015,3,4,2,5,5,27,Springfield,2500 Tree St,18,1,1,?,1,2,1,?,868283
334,2/4/2015,2,1,4,3,6,28,Arlington,8096 Apache Hwy,4,1,1,?,2,2,1,?,865839
698,1/4/2015,3,3,1,4,6,28,Arlington,2950 MLK Ave,13,1,1,?,2,3,1,?,794534
962,1/2/2015,4,1,4,5,6,29,Columbus,3492 Britain St,16,1,1,?,2,0,1,?,437960
547,1/7/2015,3,4,3,1,6,30,Hillsdale,3089 Oak Ridge,13,1,1,?,0,2,1,?,505316
821,1/28/2015,4,1,4,3,6,30,Hillsdale,4453 Best Ave,14,1,1,?,0,0,1,?,476839
114,3/1/2015,1,4,1,4,6,30,Hillsdale,5622 Best Ridge,13,2,1,?,1,1,1,?,981123
729,2/1/2015,3,4,1,2,6,31,Northbrook,7112 Weaver Ave,13,1,1,?,2,3,1,?,713172
640,2/13/2015,1,4,2,2,6,31,Northbrook,3966 Oak Hwy,20,2,1,?,1,1,1,?,824728
378,2/28/2015,3,4,3,2,6,31,Northbrook,2299 Britain Drive,16,1,1,?,1,2,1,?,412703
2,1/21/2015,4,1,2,5,6,32,Riverwood,6608 MLK Hwy,8,1,1,?,0,0,1,?,342868
468,1/6/2015,1,4,1,1,6,33,Springfield,8049 4th St,23,3,1,?,0,0,1,?,574637
466,1/7/2015,3,3,1,5,6,33,Springfield,8926 Texas Ridge,16,1,1,?,2,1,1,?,758740
592,1/19/2015,3,3,1,1,7,34,Arlington,6603 Francis Hwy,16,1,1,?,2,1,1,?,528385
560,1/8/2015,1,3,2,1,7,34,Arlington,5650 Sky Drive,15,3,1,?,1,0,1,?,663938
977,1/26/2015,1,4,1,2,7,34,Arlington,8014 Embaracadero Drive,17,3,1,?,2,2,1,?,889764
650,1/27/2015,1,4,3,1,7,35,Columbus,1762 Maple Hwy,0,3,1,?,0,2,1,?,307469
423,2/5/2015,3,2,1,4,7,35,Columbus,6117 4th Ave,21,1,1,?,0,0,1,?,355085
986,1/13/2015,3,4,1,4,7,35,Columbus,9439 MLK St,22,1,1,?,0,2,1,?,669809
612,2/16/2015,1,2,2,4,7,35,Columbus,3818 Texas Ridge,4,3,1,?,2,1,1,?,927205
1000,2/26/2015,2,1,2,5,7,35,Columbus,1416 Cherokee Ridge,6,1,1,?,0,3,1,?,556080
947,2/7/2015,3,4,1,2,7,36,Hillsdale,6536 MLK Hwy,10,1,1,?,2,0,1,?,231548
189,2/21/2015,1,3,1,4,7,36,Hillsdale,9730 2nd Hwy,11,3,1,?,1,0,1,?,524230
219,2/23/2015,3,3,3,4,7,36,Hillsdale,8782 3rd St,0,1,1,?,2,3,1,?,174701
135,2/9/2015,3,4,2,1,7,37,Northbend,4965 MLK Drive,16,1,1,?,1,1,1,?,437573
24,1/19/2015,3,2,3,1,7,37,Northbend,5667 4th Drive,15,1,1,?,2,2,1,?,115399
896,2/17/2015,1,2,1,2,7,37,Northbend,2644 MLK Drive,23,3,1,?,0,3,1,?,231508
908,1/31/2015,1,2,2,2,7,37,Northbend,6604 Apache Drive,17,3,1,?,1,2,1,?,868031
394,1/1/2015,1,2,3,4,7,37,Northbend,7571 Elm Ridge,15,3,1,?,1,2,1,?,756981
148,1/19/2015,3,2,2,2,7,38,Northbrook,2204 Washington Lane,21,1,1,?,1,1,1,?,395983
426,2/12/2015,1,4,1,5,7,38,Northbrook,6583 MLK Ridge,0,4,1,?,0,0,1,?,424358
42,1/1/2015,3,4,1,5,7,38,Northbrook,5719 2nd Lane,1,1,1,?,1,1,1,?,616337
741,2/18/2015,1,3,2,4,7,39,Riverwood,1422 Flute Ave,14,3,1,?,1,3,1,?,178081
284,1/10/2015,3,3,1,5,7,39,Riverwood,3658 Rock Drive,10,1,1,?,0,2,1,?,987905
623,2/13/2015,2,1,4,5,7,39,Riverwood,1553 Lincoln St,4,1,1,?,2,0,1,?,944537
159,2/14/2015,1,2,3,1,7,40,Springfield,3770 Flute Drive,17,3,1,?,2,0,1,?,589749
756,1/30/2015,1,4,1,5,7,40,Springfield,7426 Rock Drive,3,3,1,?,0,0,1,?,938634
688,2/6/2015,1,3,2,5,7,40,Springfield,3555 Francis Ridge,17,3,1,?,0,2,1,?,238196
445,2/18/2015,2,1,2,3,1,41,Arlington,4055 2nd Drive,7,1,2,NO,0,0,1,?,855186
10,1/5/2015,3,3,3,4,1,42,Hillsdale,3066 Francis Ave,14,1,2,NO,2,1,1,?,636550
155,2/24/2015,1,3,2,1,1,43,Northbrook,5621 4th Ave,20,3,2,NO,1,3,1,?,575000
100,1/26/2015,4,1,4,3,1,43,Northbrook,2430 MLK Ave,10,1,2,NO,0,0,1,?,246882
525,1/8/2015,2,1,2,5,1,43,Northbrook,4232 Britain Ridge,5,1,2,NO,1,2,1,?,246705
94,2/9/2015,1,2,1,1,1,44,Riverwood,1135 Solo Lane,3,3,2,NO,1,1,1,?,731450
782,1/4/2015,3,2,2,1,1,44,Riverwood,1275 4th Ridge,12,1,2,NO,0,3,1,?,963285
70,2/27/2015,2,1,2,3,1,44,Riverwood,7721 Washington Ridge,13,1,2,NO,0,1,1,?,348209
485,1/30/2015,3,3,2,1,1,45,Springfield,7575 Pine St,9,1,2,NO,2,0,1,?,836272
263,1/18/2015,1,3,1,1,2,46,Arlington,2318 Washington Hwy,17,3,2,NO,0,1,1,?,751905
46,2/21/2015,1,3,3,4,2,46,Arlington,4234 Cherokee Lane,17,3,2,NO,2,3,1,?,430029
618,1/18/2015,1,2,2,5,2,46,Arlington,4721 Cherokee Hwy,14,2,2,NO,2,2,1,?,979544
282,1/14/2015,4,1,4,5,2,46,Arlington,8477 Francis Hwy,3,1,2,NO,2,1,1,?,779075
490,2/8/2015,1,2,3,1,2,47,Columbus,2289 Weaver Ridge,6,3,2,NO,0,2,1,?,789208
686,1/14/2015,3,3,1,2,2,47,Columbus,8639 5th Hwy,7,1,2,NO,2,0,1,?,797634
275,1/10/2015,1,2,2,2,2,47,Columbus,1923 2nd Hwy,16,3,2,NO,0,2,1,?,522506
92,2/2/2015,3,4,1,5,2,47,Columbus,1331 Britain Hwy,14,1,2,NO,0,3,1,?,127754
21,1/1/2015,1,3,2,5,2,47,Columbus,5380 Pine St,20,3,2,NO,1,0,1,?,183430
34,1/9/2015,1,2,1,1,2,48,Hillsdale,8353 Britain Ridge,1,3,2,NO,1,2,1,?,584859
256,1/14/2015,1,4,1,1,2,48,Hillsdale,5236 Weaver Drive,7,3,2,NO,0,1,1,?,737593
735,2/9/2015,3,4,2,2,2,48,Hillsdale,3771 4th St,0,1,2,NO,2,1,1,?,805806
573,1/19/2015,1,4,1,1,2,49,Northbend,4176 Britain Hwy,1,3,2,NO,2,3,1,?,361829
799,2/2/2015,3,4,1,2,2,50,Northbrook,2123 MLK Ridge,7,1,2,NO,2,0,1,?,718829
584,2/12/2015,1,3,2,2,2,50,Northbrook,6853 Sky Hwy,3,3,2,NO,0,1,1,?,512894
520,2/2/2015,4,1,4,5,2,50,Northbrook,2986 MLK Drive,9,1,2,NO,0,1,1,?,582480
236,1/22/2015,1,4,2,2,2,51,Riverwood,4693 Lincoln Hwy,16,3,2,NO,1,0,1,?,492745
521,2/17/2015,3,2,3,2,2,51,Riverwood,1580 Maple Lane,1,1,2,NO,0,2,1,?,345539
397,1/6/2015,3,4,1,4,2,51,Riverwood,6934 Lincoln Ave,19,1,2,NO,1,0,1,?,538466
116,1/24/2015,1,4,3,4,2,51,Riverwood,4539 Texas St,14,3,2,NO,0,1,1,?,648397
507,2/4/2015,1,3,2,5,2,51,Riverwood,6329 Apache Ave,13,3,2,NO,2,1,1,?,491484
651,1/19/2015,1,4,1,1,2,52,Springfield,5532 Francis Lane,2,3,2,NO,0,2,1,?,526296
620,1/31/2015,1,2,2,1,2,52,Springfield,3592 MLK Ridge,17,3,2,NO,0,3,1,?,831479
808,2/2/2015,1,3,2,1,2,52,Springfield,1371 Texas Lane,1,3,2,NO,2,3,1,?,250833
647,2/9/2015,1,2,3,1,2,52,Springfield,8212 Rock Ave,0,3,2,NO,2,3,1,?,607351
783,1/20/2015,4,1,2,3,2,52,Springfield,4857 Weaver St,6,1,2,NO,0,1,1,?,728491
420,2/24/2015,3,4,2,4,2,52,Springfield,6889 Cherokee St,6,1,2,NO,2,0,1,?,296960
136,1/19/2015,3,3,1,5,2,52,Springfield,8668 Flute St,14,1,2,NO,1,2,1,?,964657
898,1/17/2015,1,2,2,5,2,52,Springfield,6137 MLK St,3,3,2,NO,2,0,1,?,305758
495,1/14/2015,1,3,1,4,3,53,Northbrook,9081 Cherokee Hwy,1,3,2,NO,2,3,1,?,430794
281,1/24/2015,1,4,2,2,4,54,Columbus,5178 Weaver Hwy,12,3,2,NO,1,3,1,?,330506
932,1/14/2015,1,4,3,2,4,54,Columbus,1809 Sky St,13,3,2,NO,1,1,1,?,607687
300,2/6/2015,1,3,1,4,4,55,Northbend,1133 Apache St,16,2,2,NO,1,0,1,?,515698
482,1/14/2015,3,3,2,2,4,56,Northbrook,5855 Apache St,14,1,2,NO,0,0,1,?,918037
278,2/8/2015,3,3,2,4,4,56,Northbrook,4158 Washington Lane,4,1,2,NO,1,0,1,?,424862
449,2/1/2015,3,2,3,1,5,57,Arlington,4239 Weaver Ave,11,1,2,NO,1,0,1,?,327856
841,2/13/2015,2,1,4,3,5,57,Arlington,1741 Best Ridge,9,1,2,NO,0,3,1,?,516182
463,2/4/2015,1,2,1,5,5,57,Arlington,5997 Embaracadero Drive,10,3,2,NO,2,1,1,?,431283
31,1/18/2015,1,4,1,1,5,58,Columbus,4687 5th Drive,22,4,2,NO,0,0,1,?,908616
710,1/5/2015,3,2,2,1,5,58,Columbus,6706 Francis Drive,17,1,2,NO,1,2,1,?,283267
87,1/30/2015,1,2,2,4,5,58,Columbus,9489 3rd St,9,3,2,NO,2,1,1,?,798177
860,2/2/2015,1,4,3,4,5,58,Columbus,5586 2nd St,16,3,2,NO,2,3,1,?,957816
709,1/23/2015,1,3,3,1,5,59,Hillsdale,5779 2nd Lane,23,3,2,NO,1,3,1,?,315041
672,1/20/2015,3,2,2,2,5,59,Hillsdale,4214 MLK Ridge,2,1,2,NO,0,3,1,?,687755
121,2/22/2015,3,4,2,2,5,59,Hillsdale,8381 Solo Hwy,22,1,2,NO,2,0,1,?,368050
737,2/10/2015,1,3,3,2,5,59,Hillsdale,7574 4th St,18,3,2,NO,2,1,1,?,290971
373,1/13/2015,3,2,3,4,5,59,Hillsdale,9245 Weaver Ridge,7,1,2,NO,1,3,1,?,150181
603,2/17/2015,3,3,3,4,5,59,Hillsdale,8704 Britain Lane,0,1,2,NO,2,1,1,?,110084
676,2/21/2015,4,1,4,5,5,59,Hillsdale,2968 Andromedia Ave,4,1,2,NO,0,2,1,?,386429
421,1/20/2015,3,3,1,1,5,60,Northbend,3926 Rock Lane,18,1,2,NO,2,2,1,?,501692
333,2/16/2015,2,1,4,3,5,60,Northbend,7529 Solo Ridge,8,1,2,NO,2,2,1,?,159768
653,1/10/2015,1,2,1,4,5,60,Northbend,9214 Elm Ridge,23,3,2,NO,2,1,1,?,913337
105,2/12/2015,1,4,3,5,5,60,Northbend,4154 Lincoln Hwy,15,3,2,NO,0,0,1,?,939905
750,2/14/2015,3,4,3,1,5,61,Northbrook,6848 Elm Hwy,5,1,2,NO,0,1,1,?,420815
593,1/11/2015,3,3,3,5,5,61,Northbrook,7069 4th Hwy,17,1,2,NO,2,0,1,?,228403
788,2/1/2015,1,2,2,2,5,62,Riverwood,1824 5th Lane,19,3,2,NO,1,2,1,?,920554
975,2/8/2015,1,4,1,5,5,62,Riverwood,3884 Pine Lane,3,3,2,NO,2,1,1,?,291006
690,2/24/2015,3,4,1,5,5,62,Riverwood,3100 Best St,10,1,2,NO,2,3,1,?,287436
138,1/7/2015,1,3,2,2,5,63,Springfield,7709 Rock Lane,9,3,2,NO,0,3,1,?,434507
268,2/24/2015,1,3,2,2,5,63,Springfield,5455 Tree Ridge,22,3,2,NO,0,0,1,?,818167
149,2/18/2015,3,3,1,4,5,63,Springfield,9484 Pine Drive,14,1,2,NO,2,3,1,?,119513
963,1/27/2015,3,3,3,5,6,64,Arlington,7973 4th St,9,1,2,NO,0,2,1,?,649800
444,1/20/2015,2,1,2,3,6,65,Columbus,3805 Lincoln Hwy,3,1,2,NO,2,1,1,?,312940
847,1/23/2015,3,4,3,2,6,66,Hillsdale,5474 Weaver Hwy,13,1,2,NO,0,3,1,?,545506
906,2/15/2015,1,4,1,2,6,67,Northbend,1030 Pine Lane,15,3,2,NO,1,2,1,?,439341
972,2/13/2015,3,2,3,2,6,67,Northbend,8215 Flute Drive,0,1,2,NO,2,1,1,?,732169
290,2/1/2015,2,1,2,5,6,68,Northbrook,3376 5th Drive,8,1,2,NO,0,2,1,?,448642
845,1/24/2015,1,4,2,5,6,68,Northbrook,5969 Francis St,0,3,2,NO,1,3,1,?,602704
935,2/3/2015,1,3,1,1,6,69,Riverwood,1110 4th Drive,0,3,2,NO,1,3,1,?,149839
353,2/3/2015,3,3,2,2,6,69,Riverwood,8940 Elm Ave,0,1,2,NO,1,3,1,?,360770
487,2/20/2015,3,3,3,2,6,69,Riverwood,9169 Cherokee Hwy,2,1,2,NO,0,0,1,?,743330
609,1/6/2015,1,2,3,5,6,69,Riverwood,9760 4th Hwy,4,4,2,NO,2,1,1,?,270208
427,1/3/2015,3,2,3,1,7,70,Arlington,6492 4th Lane,11,1,2,NO,0,2,1,?,131478
666,2/13/2015,3,2,3,1,7,70,Arlington,4492 Andromedia Ave,23,1,2,NO,2,1,1,?,593466
701,2/6/2015,1,2,1,4,7,70,Arlington,7733 Britain Lane,1,2,2,NO,2,1,1,?,873384
511,1/31/2015,3,3,3,5,7,70,Arlington,3492 Flute Lane,8,1,2,NO,2,0,1,?,116735
108,3/1/2015,1,2,1,1,7,71,Columbus,7428 Sky Hwy,22,2,2,NO,1,0,1,?,283414
41,1/3/2015,3,3,2,1,7,71,Columbus,4862 Lincoln Hwy,19,1,2,NO,2,2,1,?,206213
154,1/8/2015,1,3,3,2,7,71,Columbus,1388 Embaracadero Hwy,13,3,2,NO,2,3,1,?,419510
948,2/5/2015,3,4,2,4,7,71,Columbus,8198 Embaracadero Lane,7,1,2,NO,0,3,1,?,531160
127,1/9/2015,3,4,3,4,7,71,Columbus,7740 MLK St,8,1,2,NO,0,0,1,?,414779
502,2/18/2015,3,4,1,5,7,71,Columbus,9821 Francis Ave,0,1,2,NO,0,2,1,?,493161
604,1/13/2015,4,1,4,5,7,71,Columbus,7816 MLK Lane,19,1,2,NO,2,3,1,?,714784
885,2/4/2015,3,2,2,2,7,72,Hillsdale,5839 Weaver Lane,16,1,2,NO,2,2,1,?,180008
356,2/6/2015,3,3,3,2,7,72,Hillsdale,8834 Elm Drive,11,1,2,NO,0,0,1,?,883980
205,1/31/2015,1,3,3,1,7,73,Northbend,5994 5th Ave,21,3,2,NO,1,2,1,?,896890
364,1/8/2015,1,4,1,4,7,73,Northbend,1555 Washington Lane,13,3,2,NO,0,2,1,?,566720
316,1/22/2015,3,3,2,5,7,73,Northbend,2980 Sky Ridge,14,1,2,NO,2,1,1,?,860497
834,1/1/2015,1,3,3,5,7,73,Northbend,5333 MLK Lane,3,4,2,NO,0,1,1,?,596914
638,1/9/2015,4,1,4,5,7,73,Northbend,8336 1st Ridge,4,1,2,NO,0,2,1,?,808544
387,2/23/2015,3,4,1,1,7,74,Northbrook,8906 Elm Lane,16,1,2,NO,0,1,1,?,873859
600,2/19/2015,1,2,1,5,7,74,Northbrook,4175 Elm Ridge,12,3,2,NO,1,3,1,?,485642
78,2/17/2015,1,2,3,5,7,74,Northbrook,2804 Best St,22,3,2,NO,0,2,1,?,527945
855,2/28/2015,1,4,3,5,7,74,Northbrook,4627 Elm Ridge,17,3,2,NO,2,2,1,?,364055
828,2/18/2015,1,4,3,1,7,75,Riverwood,6256 Elm St,6,3,2,NO,1,1,1,?,700074
559,2/22/2015,1,4,3,2,7,75,Riverwood,9603 Texas Lane,11,3,2,NO,2,1,1,?,998192
483,1/31/2015,1,2,1,4,7,75,Riverwood,1328 Texas Lane,8,3,2,NO,0,3,1,?,996253
317,1/13/2015,1,4,3,4,7,75,Riverwood,5914 Oak Ave,22,3,2,NO,1,3,1,?,351741
32,2/28/2015,1,4,1,5,7,75,Riverwood,9038 2nd Lane,10,3,2,NO,2,2,1,?,666333
50,1/1/2015,3,3,3,4,7,76,Springfield,6011 Britain St,19,1,2,NO,0,0,1,?,582011
843,2/5/2015,4,1,2,5,7,76,Springfield,4279 Solo Drive,7,1,2,NO,2,1,1,?,771509
291,1/29/2015,3,4,1,1,1,77,Arlington,3936 Tree Drive,13,1,3,YES,0,1,1,?,526039
894,2/23/2015,4,1,2,3,1,77,Arlington,4994 Lincoln Drive,8,1,3,YES,0,0,1,?,164464
900,1/6/2015,4,1,2,3,1,77,Arlington,4460 4th Lane,8,1,3,YES,1,3,1,?,291544
582,2/21/2015,1,4,1,4,1,77,Arlington,7609 Rock St,21,4,3,YES,2,0,1,?,425631
880,2/18/2015,3,2,3,4,1,77,Arlington,4826 5th St,4,1,3,YES,2,1,1,?,884180
303,1/21/2015,1,3,1,5,1,77,Arlington,8245 4th Hwy,23,3,3,YES,0,2,1,?,297816
967,1/12/2015,1,3,2,4,1,78,Columbus,2253 Maple Ave,21,3,3,YES,0,0,1,?,133889
215,1/21/2015,3,4,3,4,1,78,Columbus,3414 Elm Ave,11,1,3,YES,1,3,1,?,604614
54,1/27/2015,1,4,1,5,1,78,Columbus,7466 MLK Ridge,7,3,3,YES,1,0,1,?,729634
886,2/27/2015,1,3,3,5,1,78,Columbus,7630 Rock Drive,19,3,3,YES,0,0,1,?,633375
459,1/7/2015,3,4,3,4,1,79,Hillsdale,9070 Tree Ave,15,1,3,YES,0,2,1,?,343421
47,2/18/2015,1,3,3,2,1,80,Northbend,7476 4th St,11,3,3,YES,1,1,1,?,529112
996,2/22/2015,3,2,2,2,1,81,Northbrook,6045 Andromedia St,20,1,3,YES,0,1,1,?,941851
146,2/2/2015,3,2,1,5,1,81,Northbrook,1536 Flute Drive,18,1,3,YES,2,1,1,?,515050
415,1/2/2015,4,1,2,3,1,82,Riverwood,4615 Embaracadero Ave,4,1,3,YES,1,2,1,?,620020
112,1/6/2015,3,2,1,2,1,83,Springfield,7253 MLK St,0,1,3,YES,0,0,1,?,149367
708,2/14/2015,3,3,2,1,2,84,Arlington,4876 Washington Drive,2,1,3,YES,0,2,1,?,626208
678,1/24/2015,2,1,4,3,2,84,Arlington,9639 Britain Ridge,4,1,3,YES,1,2,1,?,205134
171,1/30/2015,1,3,2,5,2,84,Arlington,4985 Sky Lane,23,3,3,YES,0,0,1,?,922565
328,1/12/2015,1,3,2,5,2,84,Arlington,8917 Tree Ridge,23,3,3,YES,0,0,1,?,803294
786,2/21/2015,1,2,1,1,2,85,Columbus,9856 Apache St,3,3,3,YES,2,1,1,?,463237
934,2/12/2015,1,4,2,1,2,85,Columbus,2697 Oak Drive,20,3,3,YES,1,3,1,?,291902
294,1/21/2015,3,4,2,2,2,85,Columbus,7756 Pine Hwy,13,1,3,YES,2,2,1,?,806081
402,2/12/2015,3,2,3,2,2,85,Columbus,5168 5th Ave,11,1,3,YES,1,0,1,?,348814
389,2/16/2015,1,4,3,4,2,85,Columbus,6681 Texas Ridge,15,3,3,YES,0,1,1,?,467106
460,2/21/2015,3,4,2,1,2,86,Hillsdale,3900 Texas St,13,1,3,YES,2,3,1,?,413192
327,2/17/2015,1,2,3,2,2,86,Hillsdale,5924 Maple Drive,21,3,3,YES,0,2,1,?,890328
832,1/7/2015,1,3,1,5,2,86,Hillsdale,9082 3rd Lane,12,3,3,YES,2,0,1,?,357394
920,2/8/2015,1,3,2,5,2,86,Hillsdale,5280 Pine Ave,8,3,3,YES,1,0,1,?,457188
564,1/8/2015,3,3,2,5,2,86,Hillsdale,1381 Francis Ave,10,1,3,YES,0,0,1,?,315631
792,1/30/2015,3,3,3,4,2,87,Northbend,1546 Cherokee Ave,0,1,3,YES,0,2,1,?,979336
11,1/6/2015,3,2,3,5,2,87,Northbend,1558 1st Ridge,22,1,3,YES,2,2,1,?,543610
141,1/21/2015,3,3,3,5,2,87,Northbend,6408 Weaver Ridge,2,1,3,YES,0,1,1,?,682387
919,2/19/2015,1,2,2,1,2,88,Northbrook,2352 Sky Drive,7,3,3,YES,2,1,1,?,420948
451,2/2/2015,3,3,2,1,2,88,Northbrook,8879 1st Drive,2,1,3,YES,0,1,1,?,263159
86,2/2/2015,1,2,1,2,2,88,Northbrook,7477 MLK Drive,13,3,3,YES,0,1,1,?,498875
749,2/15/2015,1,4,1,2,2,88,Northbrook,3751 Tree Hwy,20,3,3,YES,0,3,1,?,769602
848,1/11/2015,1,4,2,2,2,89,Riverwood,1102 Apache Hwy,19,3,3,YES,1,3,1,?,777533
227,2/22/2015,1,3,2,4,2,89,Riverwood,5838 Pine Lane,2,2,3,YES,2,0,1,?,740505
302,1/27/2015,1,4,3,5,2,89,Riverwood,8509 Apache St,21,3,3,YES,1,2,1,?,714929
355,2/6/2015,1,2,2,1,2,90,Springfield,6874 Maple Ridge,1,3,3,YES,0,0,1,?,797934
703,2/5/2015,2,1,2,3,2,90,Springfield,3995 Lincoln Hwy,3,1,3,YES,1,3,1,?,587498
484,1/22/2015,1,3,2,4,2,90,Springfield,4567 Pine Ave,17,2,3,YES,2,0,1,?,373731
61,1/10/2015,1,3,1,5,2,90,Springfield,6618 Cherokee Drive,15,3,3,YES,2,1,1,?,598554
608,1/1/2015,2,1,2,5,2,90,Springfield,2832 Andromedia Lane,17,1,3,YES,0,0,1,?,830878
358,1/7/2015,1,4,2,5,2,90,Springfield,9397 Francis St,20,3,3,YES,0,2,1,?,435784
870,2/12/2015,1,3,1,5,3,91,Arlington,9719 4th Lane,16,3,3,YES,1,3,1,?,143038
839,2/27/2015,1,4,1,2,5,91,Arlington,5269 Flute Hwy,20,3,3,YES,1,1,1,?,620075
91,2/24/2015,1,2,3,2,5,91,Arlington,8442 Britain Hwy,12,2,3,YES,1,1,1,?,686816
173,1/10/2015,1,3,3,4,5,91,Arlington,8689 Maple Hwy,15,3,3,YES,1,0,1,?,154280
349,2/3/2015,1,4,3,4,5,91,Arlington,1358 Maple St,21,3,3,YES,1,0,1,?,399524
762,2/2/2015,1,3,1,5,5,91,Arlington,6668 Andromedia Ridge,19,3,3,YES,0,3,1,?,648852
801,2/14/2015,3,3,2,5,5,91,Arlington,1437 3rd Lane,22,1,3,YES,0,3,1,?,331170
990,2/15/2015,1,3,3,5,5,91,Arlington,9682 Cherokee Ridge,3,3,3,YES,1,2,1,?,550127
974,1/9/2015,3,3,1,1,5,92,Columbus,1229 5th Ave,15,1,3,YES,2,3,1,?,776950
715,2/18/2015,3,2,1,2,5,92,Columbus,7797 Tree Ridge,23,1,3,YES,0,2,1,?,607974
178,1/11/2015,3,3,2,2,5,92,Columbus,6012 Texas Hwy,16,1,3,YES,0,1,1,?,249048
90,1/7/2015,1,4,1,4,5,92,Columbus,7238 2nd St,12,3,3,YES,2,0,1,?,958857
820,2/23/2015,3,4,2,4,5,92,Columbus,2862 Tree Ridge,5,1,3,YES,0,3,1,?,574707
465,2/15/2015,1,2,3,4,5,92,Columbus,2903 Weaver Drive,1,3,3,YES,2,2,1,?,149467
916,2/13/2015,3,3,1,2,5,93,Hillsdale,4291 Sky Hwy,14,1,3,YES,2,0,1,?,991553
443,1/30/2015,3,4,1,2,5,93,Hillsdale,3903 Oak Ave,16,1,3,YES,0,0,1,?,107181
553,1/30/2015,4,1,2,5,5,93,Hillsdale,4264 Lincoln Ridge,5,1,3,YES,2,2,1,?,550294
362,1/12/2015,1,3,1,1,5,94,Northbend,2942 1st Lane,15,3,3,YES,2,1,1,?,265026
997,1/24/2015,3,3,1,2,5,94,Northbend,3092 Texas Drive,23,1,3,YES,2,3,1,?,186934
315,1/8/2015,1,4,2,4,5,94,Northbend,3495 Britain Drive,13,3,3,YES,2,0,1,?,515217
576,2/17/2015,3,2,3,4,5,94,Northbend,7168 Andromedia Ridge,13,1,3,YES,0,2,1,?,439049
101,1/24/2015,3,3,2,5,5,94,Northbend,7717 Britain Hwy,23,1,3,YES,0,0,1,?,797613
446,1/7/2015,3,3,3,5,5,94,Northbend,3707 Oak Ridge,13,1,3,YES,1,1,1,?,373935
578,1/17/2015,1,3,1,4,5,95,Northbrook,1956 Apache St,9,3,3,YES,2,1,1,?,378588
204,2/15/2015,1,3,1,2,5,96,Riverwood,3486 Flute Ave,7,3,3,YES,0,3,1,?,586367
526,2/28/2015,4,1,4,5,5,96,Riverwood,6677 Andromedia Drive,12,1,3,YES,1,1,1,?,619589
251,2/5/2015,1,3,3,2,5,97,Springfield,4058 Tree Drive,13,2,3,YES,0,1,1,?,336047
45,2/14/2015,3,2,2,4,5,97,Springfield,1699 Oak Drive,14,1,3,YES,0,2,1,?,108844
382,1/7/2015,3,2,2,5,5,97,Springfield,1707 Sky Ave,23,1,3,YES,1,3,1,?,218109
182,1/12/2015,3,4,2,5,5,97,Springfield,8964 Francis St,13,1,3,YES,2,3,1,?,398102
545,1/21/2015,3,2,2,2,6,98,Arlington,6260 5th Lane,10,1,3,YES,0,1,1,?,349658
700,3/1/2015,1,2,3,5,6,98,Arlington,4642 Rock Ridge,23,3,3,YES,2,2,1,?,536052
800,2/1/2015,2,1,4,3,6,99,Hillsdale,4390 4th Drive,20,1,3,YES,0,1,1,?,482404
492,1/13/2015,1,2,2,1,6,100,Northbend,2603 Andromedia Hwy,14,3,3,YES,1,3,1,?,498759
318,1/18/2015,1,4,3,1,6,100,Northbend,3835 5th Ave,8,3,3,YES,1,1,1,?,403737
976,1/10/2015,1,3,3,2,6,100,Northbend,7108 Tree St,18,2,3,YES,0,2,1,?,845751
594,2/11/2015,3,4,1,2,6,101,Northbrook,5093 Flute Lane,9,1,3,YES,1,1,1,?,209177
28,1/7/2015,4,1,2,3,6,101,Northbrook,3790 Andromedia Hwy,5,1,3,YES,2,1,1,?,608513
286,2/17/2015,3,2,3,4,6,101,Northbrook,9279 Oak Hwy,8,1,3,YES,0,1,1,?,830414
767,2/4/2015,1,3,3,2,6,102,Riverwood,8822 Sky St,21,3,3,YES,2,1,1,?,684193
662,2/26/2015,3,4,1,1,6,103,Springfield,3122 Apache Drive,10,1,3,YES,1,3,1,?,804219
755,2/25/2015,1,4,2,2,6,103,Springfield,5028 Maple Ridge,21,3,3,YES,2,0,1,?,445195
161,1/25/2015,2,1,2,5,6,103,Springfield,1681 Cherokee Hwy,0,1,3,YES,2,3,1,?,454086
929,1/15/2015,4,1,4,5,6,103,Springfield,6068 2nd St,9,1,3,YES,1,3,1,?,844007
374,2/16/2015,2,1,2,3,7,104,Arlington,4585 Francis Ave,2,1,3,YES,1,2,1,?,388671
198,1/12/2015,2,1,4,3,7,104,Arlington,4964 Elm Lane,6,1,3,YES,0,3,1,?,976971
273,1/31/2015,1,2,1,5,7,104,Arlington,9239 Washington Ridge,22,4,3,YES,2,0,1,?,994538
865,1/29/2015,3,2,3,2,7,105,Hillsdale,1620 Oak Ave,16,1,3,YES,2,1,1,?,793948
125,2/3/2015,3,3,3,1,7,106,Northbend,2275 Best Lane,1,1,3,YES,1,1,1,?,717392
299,2/26/2015,2,1,2,3,7,106,Northbend,8078 Britain Hwy,7,1,3,YES,1,0,1,?,275092
370,2/21/2015,1,3,1,4,7,106,Northbend,4143 Maple Ridge,15,4,3,YES,0,1,1,?,369048
663,1/30/2015,1,2,3,5,7,106,Northbend,9816 Britain St,22,3,3,YES,1,0,1,?,483088
819,1/1/2015,4,1,4,5,7,106,Northbend,2878 Britain Hwy,3,1,3,YES,2,0,1,?,634499
390,1/4/2015,3,2,1,1,7,107,Northbrook,7782 Rock St,21,1,3,YES,1,2,1,?,357713
955,1/27/2015,3,3,2,1,7,107,Northbrook,6684 Solo Lane,16,1,3,YES,0,3,1,?,354455
240,2/8/2015,3,2,2,2,7,107,Northbrook,6429 4th Hwy,0,1,3,YES,1,1,1,?,898573
530,1/20/2015,3,2,1,5,7,107,Northbrook,7223 Embaracadero St,10,1,3,YES,1,3,1,?,920826
909,2/4/2015,4,1,2,5,7,107,Northbrook,2311 4th St,3,1,3,YES,1,0,1,?,844117
776,1/23/2015,2,1,4,5,7,107,Northbrook,8492 Weaver Hwy,5,1,3,YES,1,2,1,?,266247
987,2/19/2015,3,3,2,4,7,108,Riverwood,8269 Sky Hwy,11,1,3,YES,2,3,1,?,182953
863,1/25/2015,3,3,2,1,7,109,Springfield,7295 Tree Hwy,3,1,3,YES,2,0,1,?,717044
522,1/25/2015,3,3,3,1,7,109,Springfield,3706 Texas Hwy,22,1,3,YES,1,3,1,?,924318
877,2/16/2015,4,1,4,5,7,109,Springfield,2577 Texas Ridge,5,1,3,YES,1,2,1,?,599031
551,1/16/2015,1,4,3,1,1,110,Arlington,3282 4th Lane,5,3,4,?,0,3,2,NO,627486
366,2/26/2015,2,1,2,3,1,110,Arlington,5480 3rd Ridge,7,1,4,?,0,0,2,NO,386690
40,1/8/2015,3,2,1,1,1,111,Columbus,3422 Flute St,4,1,4,?,0,3,2,NO,982871
639,1/13/2015,1,4,1,1,1,111,Columbus,3998 4th Hwy,4,3,4,?,1,0,2,NO,409074
780,1/30/2015,1,3,2,5,1,112,Hillsdale,5341 5th Ave,1,3,4,?,2,1,2,NO,338070
428,2/25/2015,3,4,2,5,1,112,Hillsdale,7299 Apache St,19,1,4,?,1,0,2,NO,268833
438,2/5/2015,2,1,4,5,1,112,Hillsdale,2787 MLK St,7,1,4,?,2,2,2,NO,903203
352,2/3/2015,1,3,1,1,1,113,Northbend,2865 Maple Lane,20,3,4,?,1,0,2,NO,701521
404,2/2/2015,3,4,2,1,1,113,Northbend,1910 Sky Ave,14,1,4,?,0,2,2,NO,689901
293,1/28/2015,1,3,1,2,1,113,Northbend,3102 Apache St,14,3,4,?,1,0,2,NO,689500
147,2/1/2015,1,4,1,2,1,113,Northbend,4672 MLK St,13,3,4,?,2,0,2,NO,795686
809,1/23/2015,3,4,3,2,1,113,Northbend,2654 Embaracadero St,7,1,4,?,1,2,2,NO,824116
103,1/29/2015,1,2,2,2,1,114,Northbrook,2199 Texas Drive,16,3,4,?,2,3,2,NO,389238
187,2/16/2015,1,2,3,1,1,115,Riverwood,2003 Maple Hwy,22,3,4,?,1,1,2,NO,226330
658,2/21/2015,1,2,2,4,1,115,Riverwood,4835 Britain Ridge,15,3,4,?,0,3,2,NO,261905
429,1/19/2015,1,3,1,1,1,116,Springfield,2756 Britain Hwy,22,3,4,?,0,0,2,NO,287489
218,2/10/2015,4,1,4,3,1,116,Springfield,9742 5th Ridge,17,1,4,?,2,1,2,NO,970607
274,1/18/2015,1,3,2,1,2,117,Arlington,3416 Washington Drive,14,3,4,?,1,0,2,NO,727792
509,2/20/2015,1,2,3,2,2,117,Arlington,9224 Sky Drive,0,3,4,?,0,1,2,NO,265093
392,1/25/2015,1,4,3,2,2,117,Arlington,8758 5th St,17,3,4,?,0,0,2,NO,751612
228,2/16/2015,3,2,1,4,2,117,Arlington,7331 Sky Hwy,2,1,4,?,0,2,2,NO,629663
454,2/22/2015,1,3,3,4,2,117,Arlington,2048 3rd Ridge,15,3,4,?,2,1,2,NO,722747
803,1/22/2015,3,2,3,5,2,117,Arlington,4394 Oak St,10,1,4,?,2,2,2,NO,910365
631,1/1/2015,1,2,2,2,2,118,Columbus,8667 Weaver Lane,10,3,4,?,2,1,2,NO,469966
224,1/7/2015,1,4,3,2,2,118,Columbus,8655 Cherokee Lane,17,3,4,?,1,1,2,NO,114839
763,1/20/2015,1,3,1,4,2,118,Columbus,5276 2nd Lane,0,3,4,?,2,1,2,NO,516959
304,1/24/2015,2,1,4,5,2,118,Columbus,3094 Best Lane,5,1,4,?,0,2,2,NO,426708
85,1/19/2015,1,4,1,1,2,119,Hillsdale,1012 5th Lane,16,2,4,?,2,3,2,NO,498140
180,1/24/2015,4,1,4,3,2,119,Hillsdale,6193 1st Hwy,1,1,4,?,2,1,2,NO,651861
512,2/17/2015,2,1,4,5,2,119,Hillsdale,6484 Tree Drive,9,1,4,?,2,3,2,NO,963680
185,1/6/2015,3,2,1,1,2,120,Northbend,3656 Solo Ave,18,1,4,?,0,2,2,NO,922167
455,1/31/2015,3,4,2,4,2,120,Northbend,3419 Apache St,23,1,4,?,2,3,2,NO,248467
118,1/19/2015,1,4,1,5,2,120,Northbend,3814 Britain Drive,20,3,4,?,2,2,2,NO,330591
615,1/28/2015,2,1,2,5,2,120,Northbend,3246 Britain Ridge,3,1,4,?,0,1,2,NO,432740
494,2/18/2015,3,3,2,5,2,120,Northbend,6428 Andromedia Lane,12,1,4,?,1,2,2,NO,203250
982,1/8/2015,1,2,3,5,2,120,Northbend,4710 Lincoln Hwy,15,3,4,?,1,2,2,NO,525862
497,2/12/2015,4,1,4,5,2,120,Northbend,4625 MLK Drive,7,1,4,?,1,2,2,NO,284143
883,2/2/2015,3,3,3,5,2,121,Northbrook,5806 Embaracadero St,12,1,4,?,0,0,2,NO,258265
332,1/9/2015,1,2,1,1,2,122,Riverwood,4434 Lincoln Ave,3,3,4,?,1,3,2,NO,487356
244,2/6/2015,1,3,3,1,2,122,Riverwood,2117 Lincoln Hwy,21,3,4,?,2,2,2,NO,629918
471,2/15/2015,3,2,1,4,2,122,Riverwood,5865 Sky Lane,10,1,4,?,2,3,2,NO,396590
498,1/17/2015,1,3,2,1,2,123,Springfield,1529 Elm Ridge,6,4,4,?,1,1,2,NO,740518
580,2/12/2015,3,4,1,2,2,123,Springfield,5499 Flute Ridge,23,1,4,?,2,3,2,NO,641934
577,2/17/2015,3,2,2,5,2,123,Springfield,7954 Tree Ridge,2,1,4,?,2,2,2,NO,502634
488,2/4/2015,1,3,2,5,2,123,Springfield,6443 Washington Ridge,23,3,4,?,0,0,2,NO,807369
4,1/10/2015,3,2,1,5,3,124,Arlington,6956 Maple Drive,5,1,4,?,1,2,2,NO,227811
234,1/11/2015,1,3,1,5,3,125,Hillsdale,7380 5th Hwy,19,3,4,?,2,0,2,NO,476923
254,1/26/2015,3,4,1,2,3,126,Riverwood,8821 Elm St,21,1,4,?,2,3,2,NO,212674
292,2/6/2015,1,2,3,1,3,127,Springfield,6605 Tree Ave,0,3,4,?,0,2,2,NO,444422
586,2/10/2015,4,1,2,3,3,127,Springfield,1687 3rd Lane,17,1,4,?,1,3,2,NO,464234
713,2/7/2015,1,4,1,4,4,128,Hillsdale,5352 Lincoln Drive,13,3,4,?,1,3,2,NO,669800
514,2/2/2015,1,4,2,1,4,129,Northbrook,5201 Texas Hwy,6,3,4,?,0,2,2,NO,215534
745,1/19/2015,1,3,1,4,5,130,Arlington,8624 Francis Ave,21,4,4,?,0,2,2,NO,398683
966,1/3/2015,3,2,2,4,5,130,Arlington,5455 Oak Hwy,12,1,4,?,0,0,2,NO,488597
816,2/1/2015,3,3,3,5,5,130,Arlington,9878 Washington Ave,10,1,4,?,0,1,2,NO,833321
657,2/24/2015,4,1,4,5,5,130,Arlington,9562 4th Ridge,8,1,4,?,1,3,2,NO,298412
704,1/3/2015,1,3,3,1,5,131,Columbus,4095 MLK St,17,3,4,?,1,1,2,NO,639027
207,2/26/2015,3,3,3,2,5,131,Columbus,3743 Andromedia Ridge,0,1,4,?,1,0,2,NO,547744
588,2/12/2015,1,2,1,4,5,131,Columbus,1306 Andromedia St,14,2,4,?,1,2,2,NO,638155
230,1/9/2015,3,3,2,4,5,131,Columbus,9610 Cherokee St,2,1,4,?,0,3,2,NO,241562
546,2/3/2015,3,2,1,2,5,132,Hillsdale,2725 Britain Ridge,5,1,4,?,1,3,2,NO,811042
249,1/2/2015,2,1,2,3,5,132,Hillsdale,6067 Weaver Ridge,7,1,4,?,0,3,2,NO,326322
354,1/31/2015,3,2,2,5,5,132,Hillsdale,1215 Pine Hwy,20,1,4,?,0,2,2,NO,958785
621,1/15/2015,3,4,2,5,5,132,Hillsdale,6494 4th Ave,14,1,4,?,0,0,2,NO,714346
169,2/21/2015,2,1,4,5,5,132,Hillsdale,7783 Lincoln Hwy,7,1,4,?,0,1,2,NO,140880
422,1/14/2015,3,2,3,1,5,133,Northbend,6717 Best Drive,22,1,4,?,1,0,2,NO,525224
910,1/30/2015,1,3,3,4,5,133,Northbend,9523 Solo Hwy,10,3,4,?,0,2,2,NO,744557
296,2/17/2015,3,4,3,2,5,134,Northbrook,2914 Oak Drive,13,1,4,?,1,2,2,NO,756459
276,1/28/2015,1,2,1,1,5,135,Riverwood,6451 1st Hwy,10,3,4,?,0,1,2,NO,367595
350,2/17/2015,3,2,1,2,5,135,Riverwood,7460 Apache Lane,0,1,4,?,1,3,2,NO,331595
261,2/2/2015,2,1,4,3,5,135,Riverwood,7828 Cherokee Ave,17,1,4,?,0,1,2,NO,283925
288,1/29/2015,4,1,4,3,5,135,Riverwood,5901 Elm Drive,6,1,4,?,1,0,2,NO,786957
532,1/26/2015,3,2,1,1,5,136,Springfield,8618 Texas Lane,12,1,4,?,0,0,2,NO,110408
643,1/15/2015,3,3,1,1,5,136,Springfield,3288 Tree Lane,1,1,4,?,2,0,2,NO,111874
518,2/9/2015,1,2,1,2,5,136,Springfield,4414 Solo Drive,21,3,4,?,1,0,2,NO,243226
926,1/24/2015,4,1,2,5,6,137,Arlington,8638 3rd Ave,4,1,4,?,2,3,2,NO,398484
380,1/2/2015,1,2,1,4,6,138,Columbus,6658 Weaver St,14,3,4,?,1,2,2,NO,347984
20,2/22/2015,1,4,1,5,6,138,Columbus,8101 3rd Ridge,8,3,4,?,2,0,2,NO,143972
345,1/9/2015,3,3,3,5,6,138,Columbus,5780 4th Ave,16,1,4,?,2,3,2,NO,421940
601,1/12/2015,3,4,2,1,6,139,Hillsdale,5007 Oak St,4,1,4,?,1,2,2,NO,796375
624,1/3/2015,3,3,1,2,6,139,Hillsdale,7628 4th Lane,2,1,4,?,1,1,2,NO,779156
541,1/6/2015,3,2,1,4,6,139,Hillsdale,9633 Rock Hwy,0,1,4,?,2,2,2,NO,689034
408,1/18/2015,1,4,3,5,6,139,Hillsdale,2220 1st Lane,5,3,4,?,0,0,2,NO,596298
810,1/26/2015,3,3,1,1,6,140,Northbend,2123 Texas Ave,19,1,4,?,2,3,2,NO,322613
772,1/1/2015,3,4,2,2,6,141,Northbrook,3340 3rd Hwy,22,1,4,?,1,1,2,NO,362407
137,1/1/2015,4,1,2,5,6,142,Riverwood,2577 Washington Drive,9,1,4,?,0,0,2,NO,932502
549,1/13/2015,4,1,2,5,6,143,Springfield,7240 5th Ridge,6,1,4,?,1,2,2,NO,950880
377,1/16/2015,3,3,1,1,7,144,Arlington,9105 Tree Lane,9,1,4,?,1,0,2,NO,745200
585,1/23/2015,2,1,4,5,7,144,Arlington,7780 Flute Lane,4,1,4,?,1,2,2,NO,633090
734,2/4/2015,3,3,3,2,7,145,Columbus,5226 Maple St,3,1,4,?,0,1,2,NO,374545
893,1/15/2015,4,1,4,3,7,145,Columbus,7785 Lincoln Lane,6,1,4,?,2,1,2,NO,330119
132,2/23/2015,1,2,1,4,7,145,Columbus,1126 Texas Hwy,3,3,4,?,2,2,2,NO,620215
113,1/30/2015,1,3,3,4,7,145,Columbus,1454 5th Ridge,12,3,4,?,2,0,2,NO,395269
692,2/4/2015,3,2,1,5,7,145,Columbus,8941 Solo Ridge,6,1,4,?,0,2,2,NO,206004
597,2/26/2015,2,1,4,5,7,145,Columbus,7447 Lincoln Ridge,3,1,4,?,2,0,2,NO,710741
406,2/15/2015,1,4,3,2,7,146,Hillsdale,3110 Lincoln Lane,6,3,4,?,2,3,2,NO,396224
314,1/12/2015,1,4,3,5,7,146,Hillsdale,6355 4th Hwy,10,3,4,?,2,2,2,NO,153154
450,1/6/2015,1,3,1,1,7,147,Northbend,6044 Weaver Drive,0,4,4,?,0,3,2,NO,506333
857,1/31/2015,1,4,2,2,7,147,Northbend,7002 Oak Hwy,22,3,4,?,0,1,2,NO,737252
158,2/6/2015,2,1,2,3,7,147,Northbend,6375 2nd Lane,8,1,4,?,2,3,2,NO,299796
344,1/31/2015,4,1,2,3,7,147,Northbend,9154 MLK Hwy,3,1,4,?,0,3,2,NO,156694
134,1/24/2015,3,4,3,5,7,147,Northbend,5061 Francis Ave,0,1,4,?,2,1,2,NO,649082
628,1/18/2015,2,1,4,5,7,147,Northbend,4702 Texas Drive,20,1,4,?,0,2,2,NO,136520
469,2/7/2015,1,2,2,2,7,148,Northbrook,6501 5th Drive,19,3,4,?,2,2,2,NO,373600
411,1/17/2015,2,1,2,3,7,148,Northbrook,1512 Rock Lane,9,1,4,?,0,3,2,NO,631565
529,2/15/2015,3,2,3,1,7,149,Riverwood,7041 Tree Ridge,14,1,4,?,0,1,2,NO,505014
978,2/21/2015,1,4,1,1,7,150,Springfield,4937 Flute Drive,18,3,4,?,1,1,2,NO,929306
914,1/3/2015,3,4,2,2,7,150,Springfield,6724 Andromedia St,23,1,4,?,1,1,2,NO,608443
814,2/9/2015,4,1,2,3,7,150,Springfield,2809 Francis Lane,7,1,4,?,1,2,2,NO,886473
616,2/27/2015,1,4,3,4,7,150,Springfield,2696 Cherokee Ridge,0,3,4,?,1,0,2,NO,893853
197,1/24/2015,4,1,4,5,7,150,Springfield,4939 Best St,3,1,4,?,1,1,2,NO,602410
73,2/11/2015,3,3,2,1,1,151,Arlington,2324 Texas Ridge,10,1,5,NO,1,2,2,NO,657045
81,2/19/2015,1,4,2,1,1,151,Arlington,3087 Oak Hwy,6,3,5,NO,1,2,2,NO,484200
44,2/10/2015,3,3,3,4,1,151,Arlington,6660 MLK Drive,23,1,5,NO,2,2,2,NO,790442
742,2/26/2015,3,3,2,4,1,152,Columbus,5058 4th Lane,4,1,5,NO,1,2,2,NO,507452
684,2/16/2015,1,3,3,1,1,153,Hillsdale,3397 5th Ave,21,4,5,NO,0,0,2,NO,444035
959,2/15/2015,1,2,1,2,1,153,Hillsdale,4242 Rock Lane,13,3,5,NO,1,3,2,NO,564654
470,2/14/2015,1,4,2,2,1,153,Hillsdale,7909 Andromedia Hwy,23,3,5,NO,2,2,2,NO,930032
211,2/3/2015,4,1,2,5,1,153,Hillsdale,8621 Best Ridge,7,1,5,NO,2,0,2,NO,427484
476,2/5/2015,1,4,3,5,1,153,Hillsdale,3457 Texas Lane,16,3,5,NO,1,1,2,NO,792673
266,1/25/2015,4,1,4,5,1,153,Hillsdale,6493 Lincoln Lane,9,1,5,NO,1,0,2,NO,395572
850,2/24/2015,2,1,4,5,1,154,Northbend,8991 Texas Hwy,23,1,5,NO,0,3,2,NO,369781
746,2/8/2015,1,3,1,2,1,155,Riverwood,2905 Embaracadero Drive,0,3,5,NO,2,3,2,NO,605100
714,1/20/2015,3,3,1,2,1,155,Riverwood,6110 Rock Ridge,8,1,5,NO,2,1,2,NO,520179
479,1/1/2015,4,1,2,5,1,155,Riverwood,1617 Rock Drive,6,1,5,NO,1,2,2,NO,714738
680,1/15/2015,1,4,2,5,1,155,Riverwood,1213 4th Lane,4,3,5,NO,2,2,2,NO,774303
419,2/1/2015,4,1,4,5,1,155,Riverwood,5602 Britain St,6,1,5,NO,1,3,2,NO,936543
711,2/19/2015,3,4,1,1,1,156,Springfield,6384 5th Ridge,3,1,5,NO,1,0,2,NO,442494
410,1/19/2015,4,1,4,3,1,156,Springfield,6957 Weaver Drive,3,1,5,NO,2,3,2,NO,985924
515,1/9/2015,3,3,3,1,2,157,Arlington,3982 Weaver Lane,18,1,5,NO,0,0,2,NO,232854
562,2/4/2015,3,2,2,2,2,157,Arlington,4981 Flute Hwy,23,1,5,NO,0,0,2,NO,337158
5,2/17/2015,4,1,2,3,2,157,Arlington,3041 3rd Ave,20,1,5,NO,0,1,2,NO,367455
606,1/3/2015,3,3,2,4,2,157,Arlington,7705 Lincoln Drive,6,1,5,NO,1,0,2,NO,996850
217,1/7/2015,3,2,2,2,2,158,Columbus,6104 Oak Ave,14,1,5,NO,2,2,2,NO,593390
858,2/20/2015,3,2,2,2,2,158,Columbus,4780 Best Drive,7,1,5,NO,0,1,2,NO,344480
393,1/22/2015,1,3,3,2,2,158,Columbus,7281 Maple Hwy,5,3,5,NO,2,1,2,NO,876680
441,2/19/2015,3,3,3,2,2,158,Columbus,5585 Washington Drive,14,1,5,NO,0,2,2,NO,492224
918,1/23/2015,3,4,1,4,2,158,Columbus,6888 Elm Ridge,23,1,5,NO,1,3,2,NO,378587
3,2/22/2015,1,3,2,5,2,158,Columbus,7121 Francis Lane,7,3,5,NO,2,3,2,NO,687698
702,2/9/2015,1,3,1,2,2,159,Hillsdale,2753 Cherokee Ave,17,4,5,NO,2,1,2,NO,790225
867,2/6/2015,3,2,2,2,2,159,Hillsdale,3177 MLK Ridge,18,1,5,NO,1,0,2,NO,695117
170,1/5/2015,2,1,2,3,2,159,Hillsdale,8749 Tree St,18,1,5,NO,1,0,2,NO,962591
272,2/19/2015,2,1,2,3,2,159,Hillsdale,1365 Francis Ave,6,1,5,NO,0,0,2,NO,873114
784,2/12/2015,2,1,4,3,2,159,Hillsdale,8211 Sky Hwy,1,1,5,NO,0,1,2,NO,553436
642,2/17/2015,1,3,3,5,2,159,Hillsdale,5160 2nd Hwy,0,3,5,NO,0,3,2,NO,636843
168,2/27/2015,1,2,2,1,2,160,Northbend,4905 Francis Ave,18,3,5,NO,0,0,2,NO,491392
664,1/7/2015,1,4,3,1,2,160,Northbend,8214 Flute St,15,3,5,NO,0,1,2,NO,100804
310,1/14/2015,1,4,3,2,2,160,Northbend,2469 Francis Lane,20,3,5,NO,2,2,2,NO,427199
853,3/1/2015,1,4,3,2,2,160,Northbend,5318 5th Ave,17,3,5,NO,2,3,2,NO,646069
122,1/23/2015,3,2,1,1,2,161,Northbrook,2100 MLK St,11,1,5,NO,2,1,2,NO,253791
589,2/21/2015,3,2,1,2,2,161,Northbrook,3664 Francis Ridge,13,1,5,NO,2,3,2,NO,911429
611,2/12/2015,1,3,2,2,2,161,Northbrook,2063 Weaver St,3,3,5,NO,1,0,2,NO,832300
493,1/17/2015,1,4,1,4,2,161,Northbrook,6479 Francis Ave,16,3,5,NO,0,2,2,NO,795004
922,2/22/2015,1,3,2,4,2,161,Northbrook,5678 Lincoln Drive,10,3,5,NO,0,3,2,NO,987524
648,1/24/2015,3,4,2,1,2,162,Riverwood,4107 MLK Ridge,11,1,5,NO,1,2,2,NO,682754
413,2/11/2015,1,2,2,2,2,162,Riverwood,9879 Apache Drive,22,3,5,NO,2,2,2,NO,926665
687,2/2/2015,2,1,4,3,2,162,Riverwood,5743 4th Ridge,4,1,5,NO,0,1,2,NO,284836
222,2/21/2015,3,2,2,1,2,163,Springfield,2005 Texas Hwy,17,1,5,NO,2,2,2,NO,442677
464,1/22/2015,1,4,3,5,2,163,Springfield,1738 Solo Lane,14,3,5,NO,2,0,2,NO,461962
203,1/18/2015,2,1,4,5,2,163,Springfield,4116 Embaracadero Lane,6,1,5,NO,0,2,2,NO,653864
395,2/14/2015,1,3,1,4,3,164,Arlington,6738 Washington Hwy,2,4,5,NO,2,2,2,NO,121439
724,2/12/2015,2,1,2,5,3,165,Columbus,3423 Francis Ave,5,1,5,NO,2,3,2,NO,221283
575,2/4/2015,3,4,3,4,3,166,Northbend,6515 Oak Lane,11,1,5,NO,1,0,2,NO,783494
62,2/11/2015,1,4,3,4,3,167,Springfield,7459 Flute St,23,3,5,NO,0,3,2,NO,303987
324,2/26/2015,1,3,3,5,4,168,Northbend,4618 Flute Ave,14,3,5,NO,0,2,2,NO,391003
436,2/15/2015,3,4,3,5,4,168,Northbend,8021 Flute Ave,6,1,5,NO,1,0,2,NO,810189
831,1/10/2015,3,4,3,5,4,169,Northbrook,3488 Flute Lane,0,1,5,NO,2,0,2,NO,211578
876,1/28/2015,3,4,1,1,5,170,Arlington,2849 Pine Drive,12,1,5,NO,0,2,2,NO,376879
6,1/2/2015,1,3,1,2,5,170,Arlington,8973 Washington St,19,3,5,NO,0,2,2,NO,104594
943,1/13/2015,2,1,2,3,5,170,Arlington,7583 Washington Ave,5,1,5,NO,1,3,2,NO,148498
951,1/13/2015,2,1,2,3,5,170,Arlington,7930 Texas Ave,9,1,5,NO,1,0,2,NO,557218
193,1/11/2015,3,2,3,5,5,170,Arlington,6955 Pine Drive,13,1,5,NO,0,3,2,NO,828890
337,2/5/2015,1,4,2,2,5,171,Columbus,1540 Apache Lane,14,3,5,NO,2,1,2,NO,935442
238,1/10/2015,1,3,3,2,5,171,Columbus,1273 Rock Lane,2,3,5,NO,2,3,2,NO,261119
534,1/18/2015,4,1,2,3,5,171,Columbus,2193 4th Ridge,13,1,5,NO,0,3,2,NO,840806
474,1/4/2015,4,1,4,3,5,171,Columbus,1992 Britain Drive,3,1,5,NO,1,0,2,NO,795847
670,1/17/2015,1,3,1,4,5,171,Columbus,6574 4th Drive,15,3,5,NO,1,3,2,NO,182450
528,1/6/2015,4,1,4,5,5,171,Columbus,3053 Lincoln Drive,8,1,5,NO,1,1,2,NO,729534
519,1/14/2015,1,3,2,1,5,172,Hillsdale,2920 5th Ave,0,3,5,NO,1,0,2,NO,246435
117,2/26/2015,3,3,2,5,5,172,Hillsdale,8118 Elm Ridge,16,1,5,NO,0,3,2,NO,154982
852,1/8/2015,3,4,1,1,5,173,Northbend,5868 Best Drive,19,1,5,NO,1,2,2,NO,982678
95,1/19/2015,1,3,3,1,5,173,Northbend,9737 Solo Hwy,21,3,5,NO,1,0,2,NO,307447
252,2/27/2015,1,4,1,5,5,173,Northbend,4983 MLK Ridge,2,3,5,NO,1,2,2,NO,532330
683,2/3/2015,2,1,4,5,5,173,Northbend,8876 1st St,4,1,5,NO,0,3,2,NO,309323
255,1/13/2015,1,3,1,2,5,174,Northbrook,2886 Tree Ridge,21,3,5,NO,2,2,2,NO,935596
220,1/9/2015,1,4,2,2,5,174,Northbrook,9798 Sky Ridge,21,3,5,NO,1,0,2,NO,529398
30,2/15/2015,3,3,2,5,5,174,Northbrook,2100 Francis Drive,5,1,5,NO,2,2,2,NO,596785
661,2/14/2015,1,2,3,5,5,174,Northbrook,9734 2nd Ridge,10,3,5,NO,0,0,2,NO,991480
76,1/15/2015,1,2,3,1,5,175,Riverwood,5053 Tree Drive,22,3,5,NO,2,0,2,NO,116700
829,1/24/2015,1,3,1,2,5,175,Riverwood,9724 Maple St,12,3,5,NO,2,2,2,NO,866805
903,2/13/2015,1,4,2,2,5,175,Riverwood,3639 Flute Hwy,9,3,5,NO,2,1,2,NO,342830
712,2/7/2015,2,1,2,3,5,175,Riverwood,3006 Lincoln Ridge,16,1,5,NO,2,1,2,NO,159243
405,2/14/2015,3,2,2,4,5,175,Riverwood,8954 Apache Lane,10,1,5,NO,1,3,2,NO,901083
461,2/14/2015,3,3,2,4,5,175,Riverwood,9657 5th Ave,16,1,5,NO,2,2,2,NO,247801
731,1/20/2015,3,4,1,5,5,175,Riverwood,2037 5th Drive,23,1,5,NO,0,0,2,NO,615116
209,1/8/2015,1,4,3,5,5,175,Riverwood,3167 2nd St,13,4,5,NO,2,3,2,NO,436126
301,2/3/2015,4,1,4,5,5,175,Riverwood,2873 Flute Ave,15,1,5,NO,1,3,2,NO,132871
481,2/13/2015,1,3,1,2,5,176,Springfield,9325 Lincoln Drive,20,3,5,NO,0,2,2,NO,976645
14,1/8/2015,2,1,2,3,5,176,Springfield,6582 Elm Lane,5,1,5,NO,1,1,2,NO,626808
632,1/29/2015,1,3,3,4,5,176,Springfield,4931 Maple Drive,2,2,5,NO,1,2,2,NO,952300
206,2/10/2015,3,3,2,5,5,176,Springfield,9138 3rd St,14,1,5,NO,2,1,2,NO,650026
946,1/20/2015,1,2,3,5,5,176,Springfield,6058 Andromedia Hwy,19,3,5,NO,0,2,2,NO,728600
759,1/13/2015,3,2,2,1,6,177,Arlington,7819 2nd Ave,16,1,5,NO,0,2,2,NO,910604
888,2/19/2015,2,1,2,3,6,177,Arlington,9988 Rock Ridge,4,1,5,NO,0,0,2,NO,669501
890,2/7/2015,1,4,1,1,6,178,Hillsdale,7201 Washington Ave,19,3,5,NO,2,0,2,NO,753005
60,1/6/2015,1,4,2,5,6,178,Hillsdale,2299 1st St,12,3,5,NO,1,1,2,NO,485372
953,1/30/2015,1,2,3,4,6,179,Northbend,6357 Texas Lane,22,3,5,NO,0,2,2,NO,227244
881,1/21/2015,3,2,1,2,6,180,Northbrook,1578 5th Lane,11,1,5,NO,1,1,2,NO,571462
65,1/20/2015,1,3,3,2,6,181,Riverwood,1269 Flute Drive,16,3,5,NO,0,0,2,NO,132902
58,2/22/2015,2,1,2,3,6,181,Riverwood,5418 Britain Ave,19,1,5,NO,1,3,2,NO,307195
25,2/24/2015,3,3,2,4,6,181,Riverwood,2502 Apache Hwy,6,1,5,NO,1,3,2,NO,736882
633,1/10/2015,3,2,2,2,6,182,Springfield,3808 5th Ave,19,1,5,NO,0,2,2,NO,322609
48,1/10/2015,1,2,1,2,7,183,Arlington,8907 Tree Ave,19,3,5,NO,2,1,2,NO,939631
480,1/26/2015,3,2,1,2,7,183,Arlington,7877 3rd Ridge,18,1,5,NO,2,1,2,NO,753844
777,2/25/2015,3,2,2,2,7,184,Columbus,3753 Francis Lane,18,1,5,NO,2,1,2,NO,921851
923,1/14/2015,4,1,2,5,7,184,Columbus,4496 Pine Lane,9,1,5,NO,0,3,2,NO,490596
958,1/18/2015,3,3,2,5,7,184,Columbus,3915 Embaracadero St,19,1,5,NO,2,1,2,NO,471938
210,1/14/2015,2,1,4,5,7,184,Columbus,3327 Lincoln Drive,8,1,5,NO,0,1,2,NO,739447
806,1/20/2015,3,3,2,1,7,185,Hillsdale,3618 Sky Ave,10,1,5,NO,0,1,2,NO,135400
68,2/2/2015,1,4,2,2,7,185,Hillsdale,8538 Texas Lane,17,3,5,NO,1,1,2,NO,346002
442,1/14/2015,1,2,3,4,7,185,Hillsdale,3925 Sky St,17,3,5,NO,0,3,2,NO,411477
506,1/3/2015,3,3,2,5,7,185,Hillsdale,8489 Pine Hwy,2,1,5,NO,2,1,2,NO,555374
949,1/2/2015,3,2,3,5,7,185,Hillsdale,3447 Solo Ave,17,1,5,NO,1,1,2,NO,889003
736,2/18/2015,1,2,3,2,7,186,Northbend,8701 5th Lane,13,3,5,NO,1,1,2,NO,235097
104,2/15/2015,2,1,2,5,7,186,Northbend,1028 Sky Lane,3,1,5,NO,1,1,2,NO,760179
69,1/10/2015,3,2,1,1,7,187,Northbrook,5783 Oak Ave,8,1,5,NO,0,3,2,NO,500533
771,1/12/2015,1,2,2,2,7,187,Northbrook,1376 Pine St,2,3,5,NO,1,0,2,NO,760700
795,1/24/2015,1,2,2,2,7,187,Northbrook,8770 1st Lane,13,3,5,NO,2,0,2,NO,787351
72,2/8/2015,3,2,3,4,7,187,Northbrook,6751 Pine Ridge,7,1,5,NO,0,2,2,NO,260845
416,1/11/2015,3,2,3,4,7,187,Northbrook,1929 Britain Drive,23,1,5,NO,1,3,2,NO,439828
899,2/25/2015,3,3,1,5,7,187,Northbrook,5383 Maple Drive,23,1,5,NO,0,1,2,NO,950542
751,1/31/2015,4,1,2,5,7,187,Northbrook,4237 4th St,7,1,5,NO,2,1,2,NO,973546
439,1/12/2015,4,1,4,5,7,187,Northbrook,9847 Elm St,3,1,5,NO,1,1,2,NO,253085
925,1/19/2015,1,3,2,1,7,188,Riverwood,9317 Apache Ave,18,3,5,NO,0,1,2,NO,913464
175,2/5/2015,4,1,4,3,7,188,Riverwood,5904 1st Drive,3,1,5,NO,0,1,2,NO,477177
992,2/6/2015,3,3,3,4,7,188,Riverwood,5312 Francis Ridge,21,1,5,NO,0,1,2,NO,109392
696,2/27/2015,4,1,4,5,7,188,Riverwood,8742 4th St,9,1,5,NO,2,1,2,NO,943425
571,2/7/2015,1,3,3,1,7,189,Springfield,1491 Francis Ridge,4,3,5,NO,0,1,2,NO,509489
93,2/28/2015,2,1,4,3,7,189,Springfield,5260 Francis Drive,9,1,5,NO,0,1,2,NO,918629
330,2/3/2015,3,2,1,4,7,189,Springfield,1507 Solo Ave,21,1,5,NO,1,0,2,NO,414519
124,1/5/2015,1,2,3,4,1,190,Arlington,7551 Britain Lane,0,4,6,YES,1,0,2,NO,824540
543,2/17/2015,1,3,1,5,1,190,Arlington,2014 Rock Ave,21,3,6,YES,1,3,2,NO,599174
968,1/22/2015,3,3,1,5,1,190,Arlington,7897 Lincoln St,4,1,6,YES,1,2,2,NO,931901
944,1/31/2015,1,2,2,5,1,190,Arlington,7552 3rd St,22,3,6,YES,0,0,2,NO,110122
196,2/5/2015,1,4,3,2,1,191,Columbus,5812 3rd Hwy,17,2,6,YES,2,3,2,NO,212580
371,1/30/2015,1,2,1,4,1,191,Columbus,7121 Rock St,22,3,6,YES,2,1,2,NO,514424
891,1/13/2015,3,4,3,1,1,192,Northbend,8805 Cherokee Drive,18,1,6,YES,2,0,2,NO,454758
753,3/1/2015,1,3,2,2,1,192,Northbend,7236 Apache Lane,2,4,6,YES,0,2,2,NO,250162
433,2/25/2015,3,2,1,5,1,192,Northbend,7066 Texas Ave,21,1,6,YES,1,0,2,NO,439660
626,2/14/2015,3,2,1,1,1,193,Northbrook,8949 Rock Hwy,11,1,6,YES,1,1,2,NO,473338
448,1/15/2015,3,2,2,2,1,194,Riverwood,9369 Flute Hwy,23,1,6,YES,2,2,2,NO,993840
830,1/20/2015,1,4,3,4,1,194,Riverwood,7397 4th Drive,10,3,6,YES,2,3,2,NO,951863
554,2/16/2015,2,1,4,5,1,195,Springfield,2215 Best Ave,9,1,6,YES,2,2,2,NO,328387
682,1/21/2015,2,1,4,5,1,195,Springfield,9397 5th Hwy,22,1,6,YES,0,0,2,NO,719989
66,2/22/2015,1,2,2,1,2,196,Arlington,1218 Sky Hwy,6,3,6,YES,2,2,2,NO,332867
677,2/11/2015,1,2,2,1,2,196,Arlington,9236 2nd Hwy,11,3,6,YES,2,0,2,NO,108270
56,1/6/2015,3,3,2,2,2,196,Arlington,6723 Best Drive,3,1,6,YES,1,2,2,NO,420810
237,1/10/2015,3,2,3,2,2,196,Arlington,2376 Sky Ridge,17,1,6,YES,1,1,2,NO,130930
131,1/22/2015,1,2,2,4,2,196,Arlington,9034 Weaver Ridge,0,3,6,YES,1,2,2,NO,718428
765,1/4/2015,1,3,2,5,2,196,Arlington,1879 4th Lane,5,3,6,YES,1,3,2,NO,801331
33,2/24/2015,1,2,3,5,2,196,Arlington,6092 5th Ave,16,3,6,YES,2,3,2,NO,336614
768,2/14/2015,1,2,1,1,2,197,Columbus,4254 Best Ridge,11,3,6,YES,0,0,2,NO,247505
403,2/24/2015,1,3,1,1,2,197,Columbus,3697 Apache Drive,23,3,6,YES,2,0,2,NO,944102
706,1/14/2015,3,4,2,1,2,197,Columbus,2900 Sky Drive,13,1,6,YES,0,0,2,NO,589094
794,2/25/2015,3,4,3,1,2,197,Columbus,9418 5th Hwy,23,1,6,YES,0,1,2,NO,140977
989,2/17/2015,3,3,2,2,2,197,Columbus,4633 5th Lane,5,1,6,YES,1,1,2,NO,591269
430,1/3/2015,3,2,3,2,2,197,Columbus,9360 3rd Drive,2,1,6,YES,2,3,2,NO,808153
901,2/26/2015,3,4,3,4,2,197,Columbus,8524 Pine Lane,23,1,6,YES,0,3,2,NO,388616
634,1/29/2015,3,3,1,5,2,197,Columbus,1725 Solo Lane,10,1,6,YES,1,2,2,NO,890280
223,2/4/2015,3,4,3,2,2,198,Hillsdale,6634 Texas Ridge,19,1,6,YES,0,0,2,NO,365364
453,2/10/2015,2,1,4,3,2,198,Hillsdale,7500 Texas Ridge,3,1,6,YES,1,0,2,NO,552788
705,2/24/2015,1,3,1,2,2,199,Northbend,5782 Rock Drive,23,3,6,YES,1,3,2,NO,217899
787,2/2/2015,1,3,2,2,2,199,Northbend,1951 Best Ave,14,4,6,YES,0,0,2,NO,753452
186,2/25/2015,3,2,3,2,2,199,Northbend,8579 Apache Drive,17,1,6,YES,2,3,2,NO,442795
510,1/7/2015,1,3,3,5,2,199,Northbend,8862 Maple Ridge,16,3,6,YES,2,0,2,NO,267808
556,1/10/2015,3,3,1,4,2,200,Northbrook,2397 Cherokee Ave,16,1,6,YES,2,1,2,NO,385932
19,1/19/2015,3,4,3,4,2,200,Northbrook,3842 Solo Ridge,19,1,6,YES,1,0,2,NO,921202
83,1/29/2015,4,1,2,5,2,200,Northbrook,5124 Maple St,3,1,6,YES,2,2,2,NO,694662
902,2/11/2015,3,4,3,5,2,200,Northbrook,8456 1st Ave,23,1,6,YES,0,0,2,NO,577992
199,1/16/2015,3,2,1,1,2,201,Riverwood,9588 Solo St,17,1,6,YES,2,1,2,NO,630226
956,1/28/2015,3,4,3,4,2,201,Riverwood,4885 Oak Lane,14,1,6,YES,0,0,2,NO,601042
156,2/12/2015,3,2,1,5,2,201,Riverwood,8150 Washington Ridge,16,1,6,YES,2,3,2,NO,120485
691,1/7/2015,3,2,2,5,2,201,Riverwood,3029 5th Ave,8,1,6,YES,2,2,2,NO,496067
538,1/23/2015,1,4,2,5,2,201,Riverwood,3039 Oak Hwy,18,3,6,YES,2,1,2,NO,379882
305,1/17/2015,1,3,2,4,2,202,Springfield,8188 Tree Ave,15,3,6,YES,0,0,2,NO,615047
652,2/20/2015,1,2,2,5,2,202,Springfield,6158 Sky Ridge,11,3,6,YES,1,1,2,NO,658816
338,1/7/2015,3,3,3,5,2,202,Springfield,2337 Lincoln Hwy,13,1,6,YES,2,0,2,NO,106873
825,1/25/2015,3,3,3,1,4,203,Riverwood,3726 MLK Hwy,10,1,6,YES,1,1,2,NO,352120
269,1/4/2015,1,3,1,1,4,204,Springfield,5778 Pine Ridge,15,3,6,YES,0,3,2,NO,277767
245,1/1/2015,4,1,4,3,4,204,Springfield,6359 MLK Ridge,3,1,6,YES,1,2,2,NO,208298
668,2/27/2015,3,3,3,1,5,205,Arlington,3799 Embaracadero Drive,7,1,6,YES,1,1,2,NO,942106
164,1/21/2015,3,2,1,2,5,205,Arlington,9316 Pine Ave,3,1,6,YES,2,0,2,NO,346940
552,2/1/2015,3,3,2,2,5,205,Arlington,3227 Maple Ave,8,1,6,YES,0,1,2,NO,498842
930,2/4/2015,3,4,1,5,5,205,Arlington,7937 Weaver Ridge,6,1,6,YES,0,0,2,NO,686522
879,1/24/2015,1,3,1,2,5,206,Columbus,8125 Texas Ridge,17,3,6,YES,1,3,2,NO,985446
342,2/24/2015,3,3,2,4,5,206,Columbus,1091 1st Drive,13,1,6,YES,1,3,2,NO,337677
258,1/17/2015,3,4,1,5,5,206,Columbus,7859 4th Ridge,13,1,6,YES,0,1,2,NO,168151
685,2/7/2015,3,2,1,1,5,207,Hillsdale,3263 Pine Ridge,20,1,6,YES,1,3,2,NO,431478
583,1/23/2015,1,2,2,1,5,207,Hillsdale,4652 Flute Drive,21,2,6,YES,2,1,2,NO,542245
287,1/7/2015,1,3,3,1,5,207,Hillsdale,3439 Andromedia Hwy,14,3,6,YES,2,0,2,NO,127313
13,1/22/2015,3,3,3,1,5,208,Northbend,6655 5th Drive,9,1,6,YES,1,0,2,NO,842643
396,1/15/2015,4,1,2,3,5,208,Northbend,4188 Britain Ave,3,1,6,YES,2,0,2,NO,411289
721,1/19/2015,3,2,3,1,5,209,Northbrook,7314 Tree Drive,23,1,6,YES,0,0,2,NO,640474
733,2/23/2015,3,2,3,1,5,210,Riverwood,1832 Elm Hwy,9,1,6,YES,2,3,2,NO,658002
625,1/13/2015,2,1,2,3,5,210,Riverwood,3028 5th St,10,1,6,YES,1,0,2,NO,856153
627,1/20/2015,1,4,1,2,5,211,Springfield,9751 Tree St,1,4,6,YES,1,2,2,NO,521694
67,1/30/2015,3,4,2,2,5,211,Springfield,9169 Pine Ridge,12,1,6,YES,0,1,2,NO,356590
758,2/8/2015,3,3,3,2,5,211,Springfield,9818 Cherokee Ave,22,1,6,YES,2,3,2,NO,796005
43,1/16/2015,1,4,2,4,5,211,Springfield,3221 Solo Ridge,17,3,6,YES,1,0,2,NO,448961
931,1/4/2015,1,3,1,5,5,211,Springfield,2823 Weaver Lane,11,4,6,YES,0,2,2,NO,670142
699,1/26/2015,4,1,4,5,5,211,Springfield,8233 Tree Drive,5,1,6,YES,1,0,2,NO,357808
363,2/28/2015,2,1,4,3,6,212,Arlington,6317 Best St,8,1,6,YES,0,2,2,NO,354481
341,3/1/2015,1,4,3,5,6,212,Arlington,4347 2nd Ridge,23,3,6,YES,2,2,2,NO,583169
242,2/1/2015,3,2,1,4,6,213,Columbus,5506 Best St,20,1,6,YES,2,0,2,NO,600845
351,1/30/2015,3,4,2,4,6,213,Columbus,5771 Sky Ave,22,1,6,YES,1,3,2,NO,380067
505,2/14/2015,1,3,1,2,6,214,Hillsdale,3769 Sky St,16,2,6,YES,1,0,2,NO,766193
539,2/21/2015,2,1,2,3,6,215,Northbend,8204 Pine Lane,5,1,6,YES,1,3,2,NO,852002
793,1/19/2015,1,3,3,5,6,216,Riverwood,2003 2nd Hwy,9,3,6,YES,0,3,2,NO,865201
97,1/14/2015,3,4,1,2,6,217,Springfield,6550 Andromedia St,11,1,6,YES,0,3,2,NO,900628
325,2/8/2015,1,3,1,4,6,217,Springfield,6191 Oak Lane,4,2,6,YES,2,2,2,NO,225865
183,1/17/2015,3,4,3,5,6,217,Springfield,9748 Sky Drive,12,1,6,YES,2,3,2,NO,514065
391,1/30/2015,3,3,1,1,7,218,Arlington,9286 Oak Ave,1,1,6,YES,0,2,2,NO,890026
491,2/21/2015,4,1,2,3,7,218,Arlington,8306 1st Drive,3,1,6,YES,1,1,2,NO,585324
277,2/16/2015,1,4,3,1,7,219,Columbus,1267 Francis Hwy,9,3,6,YES,1,2,2,NO,586104
229,2/17/2015,1,2,3,2,7,220,Hillsdale,5640 Embaracadero Lane,10,3,6,YES,1,3,2,NO,839884
16,1/29/2015,1,4,1,4,7,220,Hillsdale,9573 Weaver Ave,12,4,6,YES,0,0,2,NO,892874
503,2/4/2015,3,4,1,4,7,220,Hillsdale,7061 Cherokee Drive,12,1,6,YES,1,1,2,NO,320251
673,2/5/2015,1,3,2,1,7,221,Northbend,7976 Britain Drive,1,3,6,YES,1,0,2,NO,757644
462,2/16/2015,3,4,2,1,7,221,Northbend,5765 Washington St,0,1,6,YES,0,2,2,NO,171147
179,2/6/2015,3,2,3,4,7,221,Northbend,4098 Weaver Ridge,0,1,6,YES,0,1,2,NO,144323
693,2/4/2015,2,1,2,5,7,222,Northbrook,4447 Francis Hwy,4,1,6,YES,1,1,2,NO,153027
884,3/1/2015,1,4,1,1,7,223,Riverwood,1472 4th Drive,18,3,6,YES,0,3,2,NO,569714
723,1/16/2015,3,4,1,1,7,223,Riverwood,5022 1st St,21,1,6,YES,2,1,2,NO,334749
59,1/7/2015,3,2,3,1,7,223,Riverwood,4296 Pine Hwy,22,1,6,YES,0,1,2,NO,623648
740,1/21/2015,4,1,2,3,7,223,Riverwood,8453 Elm St,0,1,6,YES,0,3,2,NO,884365
904,1/10/2015,3,4,2,4,7,223,Riverwood,7900 Sky Hwy,22,1,6,YES,2,3,2,NO,491170
569,1/15/2015,1,3,3,4,7,223,Riverwood,7488 Lincoln Lane,15,3,6,YES,1,1,2,NO,396002
472,2/14/2015,1,2,2,1,7,224,Springfield,1957 Washington Ave,12,3,6,YES,1,2,2,NO,238412
985,2/28/2015,3,4,3,1,7,224,Springfield,4475 Lincoln Ridge,1,1,6,YES,2,1,2,NO,974522
747,1/7/2015,1,4,3,2,7,224,Springfield,3443 Maple Ridge,17,3,6,YES,0,3,2,NO,143109
456,2/12/2015,1,2,2,5,7,224,Springfield,9875 MLK Ave,9,3,6,YES,2,0,2,NO,955953
401,2/9/2015,1,2,3,5,7,224,Springfield,1123 5th Lane,10,2,6,YES,1,3,2,NO,936638
253,1/27/2015,4,1,4,5,7,224,Springfield,9744 Texas Drive,5,1,6,YES,1,1,2,NO,118137
250,2/20/2015,3,3,1,2,1,225,Arlington,1840 Embaracadero Ave,19,1,7,?,1,3,3,YES,146138
335,2/24/2015,3,4,3,2,1,225,Arlington,9417 Tree Hwy,22,1,7,?,0,0,3,YES,406567
998,1/23/2015,1,4,2,5,1,225,Arlington,7629 5th St,4,3,7,?,2,3,3,YES,918516
542,2/18/2015,2,1,4,5,1,225,Arlington,6303 1st Drive,22,1,7,?,0,2,3,YES,743092
295,1/16/2015,1,3,2,5,1,226,Columbus,7142 5th Lane,16,4,7,?,1,2,3,YES,384618
458,1/1/2015,3,4,1,1,1,227,Riverwood,4335 1st St,5,1,7,?,2,1,3,YES,137675
738,1/20/2015,1,2,3,1,1,227,Riverwood,1989 Solo Lane,17,3,7,?,2,3,3,YES,180286
216,2/6/2015,1,4,2,1,1,228,Springfield,3172 Tree Ridge,5,3,7,?,1,2,3,YES,509928
139,2/1/2015,1,3,2,2,1,228,Springfield,9358 Texas Ridge,21,3,7,?,1,2,3,YES,935277
933,1/27/2015,1,4,2,4,1,228,Springfield,9352 Washington Ave,4,3,7,?,2,1,3,YES,967713
778,2/11/2015,1,3,3,5,1,228,Springfield,4545 4th Ridge,20,3,7,?,0,0,3,YES,488724
425,1/2/2015,1,2,1,1,1,229,Arlington,6838 Flute Lane,6,3,7,?,0,3,3,YES,651948
665,2/27/2015,3,4,2,1,2,229,Arlington,6259 Lincoln Hwy,13,1,7,?,0,1,3,YES,941807
306,2/23/2015,3,2,1,4,2,229,Arlington,5224 5th Lane,14,1,7,?,2,1,3,YES,771236
999,2/26/2015,3,3,1,4,2,229,Arlington,6128 Elm Lane,2,1,7,?,0,1,3,YES,533940
983,1/1/2015,1,2,2,5,2,229,Arlington,7511 1st Ave,0,3,7,?,0,3,3,YES,490514
49,2/26/2015,4,1,4,5,2,229,Arlington,6619 Flute Ave,5,1,7,?,2,0,3,YES,866931
599,1/4/2015,1,2,1,1,2,230,Columbus,6859 Flute Ridge,16,3,7,?,1,3,3,YES,507545
927,1/27/2015,3,2,3,2,2,230,Columbus,3061 Francis Hwy,12,1,7,?,0,3,3,YES,752504
329,2/1/2015,1,4,1,4,2,230,Columbus,3966 Francis Ridge,6,3,7,?,0,2,3,YES,414913
434,2/17/2015,3,2,2,4,2,230,Columbus,9728 Britain Hwy,10,1,7,?,2,3,3,YES,847123
979,1/23/2015,3,2,3,4,2,230,Columbus,2889 Francis St,11,1,7,?,2,3,3,YES,515457
754,1/10/2015,1,3,3,4,2,230,Columbus,3846 4th Hwy,19,3,7,?,1,1,3,YES,786432
613,2/25/2015,3,3,3,4,2,230,Columbus,3929 Elm Ave,13,1,7,?,1,2,3,YES,655356
457,1/6/2015,4,1,2,5,2,230,Columbus,3553 Texas Ave,20,1,7,?,0,1,3,YES,910622
157,2/18/2015,1,3,2,5,2,230,Columbus,4268 2nd Ave,10,3,7,?,2,1,3,YES,781181
917,2/25/2015,4,1,4,3,2,231,Hillsdale,5650 Rock Ave,7,1,7,?,1,1,3,YES,727443
339,2/6/2015,3,2,2,4,2,231,Hillsdale,6770 1st St,20,1,7,?,1,1,3,YES,563878
681,2/22/2015,3,2,3,5,2,231,Hillsdale,3872 5th Drive,20,1,7,?,2,2,3,YES,698470
773,2/22/2015,3,2,3,1,2,232,Northbend,3097 4th Drive,8,1,7,?,1,3,3,YES,389525
973,2/8/2015,3,3,1,2,2,232,Northbend,1320 Flute Lane,22,1,7,?,1,1,3,YES,221854
667,2/2/2015,1,4,1,2,2,232,Northbend,6179 3rd Ridge,18,3,7,?,2,2,3,YES,437442
343,2/2/2015,3,3,1,5,2,232,Northbend,8203 Lincoln Ave,8,1,7,?,2,2,3,YES,445973
991,1/31/2015,3,3,2,2,2,233,Northbrook,4755 1st St,18,1,7,?,2,2,3,YES,663190
309,1/16/2015,1,3,3,4,2,233,Northbrook,8064 4th Ave,17,3,7,?,1,1,3,YES,371635
630,3/1/2015,1,4,3,4,2,233,Northbrook,6678 Weaver Drive,20,2,7,?,0,2,3,YES,912665
516,2/28/2015,3,4,3,4,2,233,Northbrook,3660 Andromedia Hwy,11,1,7,?,0,3,3,YES,168260
37,1/9/2015,3,3,3,5,2,233,Northbrook,4981 Weaver St,3,1,7,?,1,1,3,YES,200152
51,1/3/2015,1,2,2,2,2,234,Riverwood,5104 Francis Drive,19,3,7,?,0,3,3,YES,691189
722,1/10/2015,2,1,4,3,2,234,Riverwood,8872 Oak Ridge,8,1,7,?,1,3,3,YES,153298
17,2/22/2015,1,3,1,4,2,234,Riverwood,5074 3rd St,0,3,7,?,1,2,3,YES,558938
802,2/8/2015,1,3,2,4,2,234,Riverwood,1186 Rock St,10,3,7,?,2,0,3,YES,753056
622,2/13/2015,3,4,2,5,2,234,Riverwood,6608 Apache Lane,2,1,7,?,2,1,3,YES,326289
417,2/23/2015,3,3,3,5,2,234,Riverwood,5051 Elm St,19,1,7,?,0,2,3,YES,971295
641,1/8/2015,3,4,3,5,2,234,Riverwood,7601 Andromedia Lane,18,1,7,?,2,3,3,YES,606037
941,1/3/2015,2,1,2,3,2,235,Springfield,4369 Maple Lane,7,1,7,?,1,1,3,YES,720356
383,1/5/2015,1,3,2,4,2,235,Springfield,6456 Andromedia Drive,15,3,7,?,0,2,3,YES,999435
376,2/7/2015,1,2,3,4,2,235,Springfield,7576 Pine Ridge,12,3,7,?,1,0,3,YES,206667
409,1/6/2015,3,3,2,2,3,236,Riverwood,4972 Francis Lane,17,1,7,?,1,3,3,YES,253005
591,2/28/2015,1,4,3,1,4,237,Hillsdale,3706 4th Hwy,23,3,7,?,2,1,3,YES,311783
174,2/23/2015,1,2,1,2,4,237,Hillsdale,9153 3rd Hwy,2,3,7,?,0,2,3,YES,425973
176,1/21/2015,3,3,2,4,4,237,Hillsdale,4519 Embaracadero St,13,1,7,?,1,0,3,YES,648509
414,2/21/2015,1,2,1,2,4,238,Northbend,2494 Andromedia Drive,10,3,7,?,1,2,3,YES,302669
172,2/26/2015,3,3,3,1,4,239,Riverwood,7534 MLK Hwy,1,1,7,?,0,1,3,YES,288580
235,2/4/2015,1,2,1,4,4,239,Riverwood,2539 Embaracadero Ridge,10,3,7,?,0,2,3,YES,735822
764,1/24/2015,1,2,1,2,5,240,Arlington,2889 Weaver St,2,3,7,?,0,2,3,YES,984456
660,1/10/2015,3,2,2,1,5,241,Columbus,2352 MLK Drive,4,1,7,?,0,3,3,YES,223404
766,1/17/2015,3,3,3,1,5,241,Columbus,5499 Elm Hwy,6,1,7,?,2,0,3,YES,786103
636,1/21/2015,2,1,4,3,5,241,Columbus,3320 5th Hwy,5,1,7,?,0,2,3,YES,155912
531,1/3/2015,3,2,2,5,5,241,Columbus,8081 Flute Ridge,12,1,7,?,2,3,3,YES,534982
866,1/2/2015,3,3,1,2,5,242,Hillsdale,3847 Elm Hwy,18,1,7,?,1,3,3,YES,737483
243,2/2/2015,2,1,4,3,5,242,Hillsdale,8404 Embaracadero St,10,1,7,?,2,1,3,YES,390381
605,2/28/2015,1,4,2,5,5,242,Hillsdale,3618 Maple Lane,15,2,7,?,0,1,3,YES,143924
260,1/7/2015,1,3,1,2,5,243,Northbend,9980 Lincoln Ave,19,3,7,?,0,2,3,YES,843227
143,2/27/2015,2,1,2,3,5,243,Northbend,9101 2nd Hwy,5,1,7,?,2,1,3,YES,139872
995,1/22/2015,2,1,2,3,5,243,Northbend,6516 Solo Drive,6,1,7,?,1,2,3,YES,681486
184,1/12/2015,3,3,2,5,5,243,Northbend,2293 Washington Ave,11,1,7,?,1,1,3,YES,391652
375,2/4/2015,1,4,2,5,5,243,Northbend,6738 Francis Hwy,17,4,7,?,0,0,3,YES,457244
842,1/8/2015,1,3,2,2,5,244,Northbrook,9148 4th Hwy,20,3,7,?,1,0,3,YES,728839
859,2/17/2015,1,4,2,4,5,244,Northbrook,8995 1st Ave,17,3,7,?,2,3,3,YES,898519
501,1/1/2015,3,4,2,5,5,244,Northbrook,7178 Best Drive,15,1,7,?,2,3,3,YES,357949
770,2/2/2015,1,4,3,5,5,244,Northbrook,7155 Apache Drive,4,3,7,?,2,1,3,YES,185124
241,1/26/2015,3,2,1,2,5,245,Riverwood,2201 4th Lane,16,1,7,?,0,0,3,YES,547802
307,1/9/2015,3,4,1,2,5,245,Riverwood,2230 1st St,1,1,7,?,1,1,3,YES,235869
111,1/12/2015,3,3,2,5,5,245,Riverwood,5211 Weaver Drive,18,1,7,?,1,2,3,YES,776860
856,1/26/2015,1,3,3,2,5,246,Springfield,5584 Britain Lane,11,3,7,?,1,3,3,YES,521854
150,2/8/2015,3,4,1,4,5,246,Springfield,5431 3rd Ridge,1,1,7,?,1,0,3,YES,217938
225,1/17/2015,1,4,1,2,6,247,Arlington,4955 Lincoln Ridge,23,3,7,?,0,3,3,YES,872734
790,1/16/2015,3,3,2,2,6,247,Arlington,1386 Britain St,0,1,7,?,0,0,3,YES,725330
348,1/14/2015,3,2,3,4,6,247,Arlington,3834 Pine St,12,1,7,?,2,2,3,YES,553565
271,1/27/2015,1,3,2,5,6,247,Arlington,9373 Pine Hwy,6,3,7,?,2,0,3,YES,577810
123,1/31/2015,3,2,1,1,6,248,Columbus,5071 Flute Ridge,7,1,7,?,0,1,3,YES,155724
565,2/15/2015,1,3,2,1,6,248,Columbus,6435 Texas Ave,12,4,7,?,2,3,3,YES,113464
432,2/24/2015,1,4,3,4,6,248,Columbus,9720 Lincoln Hwy,23,3,7,?,0,0,3,YES,497347
8,2/27/2015,1,2,3,5,6,248,Columbus,3525 3rd Hwy,23,3,7,?,2,2,3,YES,429027
882,1/8/2015,3,3,1,2,6,249,Hillsdale,6440 Rock Lane,18,1,7,?,1,3,3,YES,815883
938,2/17/2015,3,2,3,5,6,249,Hillsdale,3777 Maple Ave,23,1,7,?,2,2,3,YES,535879
107,1/13/2015,1,3,1,5,6,250,Northbend,4793 4th Ridge,6,3,7,?,0,2,3,YES,632627
478,1/5/2015,3,4,3,5,6,250,Northbend,3167 4th Ridge,10,1,7,?,0,1,3,YES,971338
732,1/8/2015,3,4,1,1,6,251,Northbrook,4699 Texas Ridge,1,1,7,?,2,2,3,YES,947598
195,2/12/2015,1,3,3,4,6,251,Northbrook,3653 Elm Drive,9,3,7,?,0,1,3,YES,918777
726,2/13/2015,1,3,2,5,6,251,Northbrook,1818 Tree St,7,3,7,?,2,0,3,YES,804751
181,2/18/2015,1,4,1,2,6,252,Riverwood,4053 Sky Lane,17,3,7,?,2,0,3,YES,125324
372,1/31/2015,1,4,3,5,6,252,Riverwood,9067 Texas Ave,16,2,7,?,1,2,3,YES,954191
88,1/8/2015,3,4,3,2,6,253,Springfield,2087 Apache Ave,2,1,7,?,2,1,3,YES,614763
208,2/25/2015,1,4,1,5,6,253,Springfield,7644 Tree Ridge,14,3,7,?,0,3,3,YES,598124
537,1/10/2015,1,2,1,1,7,254,Arlington,7825 1st Ridge,3,3,7,?,1,3,3,YES,871432
517,1/17/2015,3,2,3,1,7,254,Arlington,7135 Flute Lane,17,1,7,?,1,2,3,YES,538955
407,2/28/2015,1,3,2,5,7,254,Arlington,6035 Rock Ave,10,3,7,?,0,3,3,YES,682178
950,2/8/2015,1,4,3,5,7,254,Arlington,1806 Weaver Ridge,0,3,7,?,2,3,3,YES,193213
557,1/31/2015,4,1,4,5,7,254,Arlington,9794 Embaracadero St,8,1,7,?,2,3,3,YES,618682
757,2/6/2015,3,3,3,1,7,255,Columbus,5771 Best St,22,1,7,?,2,3,3,YES,482495
796,1/16/2015,1,4,3,2,7,255,Columbus,1087 Flute Drive,0,3,7,?,0,3,3,YES,272330
99,2/22/2015,2,1,4,3,7,255,Columbus,3998 Flute St,6,1,7,?,1,2,3,YES,740019
399,2/17/2015,4,1,4,5,7,255,Columbus,7615 Weaver Drive,7,1,7,?,0,1,3,YES,463727
874,1/19/2015,3,3,1,1,7,256,Hillsdale,6731 Andromedia Hwy,18,1,7,?,0,2,3,YES,130156
730,2/23/2015,3,2,1,2,7,256,Hillsdale,4020 Best Drive,1,1,7,?,1,0,3,YES,621756
202,2/28/2015,3,3,2,2,7,256,Hillsdale,6149 Best Ridge,3,1,7,?,2,0,3,YES,505969
781,1/18/2015,3,2,3,2,7,256,Hillsdale,7745 Washington Ridge,10,1,7,?,1,2,3,YES,865607
936,1/26/2015,1,4,3,4,7,256,Hillsdale,7535 5th Lane,18,4,7,?,2,3,3,YES,840225
697,2/11/2015,3,3,3,5,7,256,Hillsdale,7316 Texas Ave,17,1,7,?,2,1,3,YES,641845
513,1/24/2015,3,3,3,1,7,257,Northbend,4554 Sky Ave,11,1,7,?,2,1,3,YES,445694
53,2/22/2015,4,1,2,3,7,257,Northbend,2644 Elm Drive,8,1,7,?,2,1,3,YES,394975
279,1/20/2015,1,4,1,5,7,257,Northbend,3796 Cherokee Drive,6,3,7,?,0,1,3,YES,512813
823,1/3/2015,3,2,2,5,7,257,Northbend,1364 Best St,16,1,7,?,2,3,3,YES,630683
912,2/5/2015,1,2,3,5,7,257,Northbend,2492 Lincoln Lane,13,2,7,?,0,1,3,YES,727109
167,2/14/2015,3,3,1,2,7,258,Riverwood,8991 Embaracadero Ave,18,1,7,?,2,1,3,YES,335780
285,2/13/2015,1,4,1,5,7,258,Riverwood,2617 Andromedia Drive,17,3,7,?,1,3,3,YES,967756
323,1/2/2015,3,2,3,5,7,258,Riverwood,6309 Cherokee Ave,4,1,7,?,1,2,3,YES,576723
739,1/27/2015,3,2,2,2,7,259,Springfield,6331 MLK Ave,11,1,7,?,0,0,3,YES,662088
695,2/25/2015,1,3,3,4,7,259,Springfield,4653 Pine St,15,3,7,?,0,0,3,YES,654974
233,2/18/2015,1,4,3,4,7,259,Springfield,3654 Cherokee Ave,7,4,7,?,2,1,3,YES,511621
590,1/18/2015,1,4,3,4,7,259,Springfield,5985 Lincoln Lane,23,2,7,?,2,3,3,YES,106186
965,2/6/2015,4,1,2,5,7,259,Springfield,6702 Andromedia St,7,1,7,?,2,1,3,YES,390256
145,2/1/2015,1,3,3,5,7,259,Springfield,6315 2nd Lane,20,3,7,?,0,3,3,YES,165485
838,1/31/2015,4,1,4,3,1,260,Arlington,6939 3rd Hwy,6,1,8,NO,0,3,3,YES,326180
644,1/24/2015,3,4,1,5,1,261,Hillsdale,5874 1st Hwy,17,1,8,NO,0,1,3,YES,439844
727,1/27/2015,2,1,2,3,1,262,Northbend,4431 Rock St,0,1,8,NO,1,3,3,YES,369226
824,1/10/2015,3,2,1,5,1,263,Northbrook,8946 2nd Drive,6,1,8,NO,2,2,3,YES,500639
558,2/13/2015,4,1,2,5,1,263,Northbrook,1810 Elm Hwy,5,1,8,NO,0,2,3,YES,550930
581,1/4/2015,3,2,3,4,1,264,Riverwood,3311 2nd Drive,16,1,8,NO,2,0,3,YES,113516
536,1/15/2015,3,4,1,4,2,265,Arlington,9611 Pine Ridge,14,1,8,NO,1,0,3,YES,876699
400,1/21/2015,3,3,2,1,2,266,Columbus,6409 Cherokee Drive,21,1,8,NO,1,0,3,YES,552618
752,1/28/2015,3,4,2,2,2,266,Columbus,6581 Rock Ridge,6,1,8,NO,0,0,3,YES,608039
717,1/22/2015,3,2,3,4,2,266,Columbus,8766 Lincoln Lane,3,1,8,NO,2,2,3,YES,369941
980,2/5/2015,3,3,3,4,2,266,Columbus,7504 Flute Drive,17,1,8,NO,0,2,3,YES,556270
231,2/9/2015,3,4,3,4,2,266,Columbus,3550 Washington Ave,18,1,8,NO,0,2,3,YES,405533
126,2/17/2015,1,3,3,1,2,267,Hillsdale,1598 3rd Drive,12,3,8,NO,2,3,3,YES,965768
163,1/28/2015,1,4,3,1,2,267,Hillsdale,1815 Cherokee Drive,20,2,8,NO,2,1,3,YES,678849
119,1/17/2015,3,3,2,2,2,267,Hillsdale,4614 MLK Ave,4,1,8,NO,1,3,3,YES,319232
201,2/2/2015,4,1,4,5,2,267,Hillsdale,3590 Best Hwy,9,1,8,NO,2,1,3,YES,247116
961,1/12/2015,1,3,2,1,2,268,Northbend,9633 4th St,11,3,8,NO,1,2,3,YES,573572
386,2/2/2015,1,2,2,2,2,268,Northbend,1589 Pine St,12,3,8,NO,1,0,3,YES,903785
861,2/6/2015,1,3,2,4,2,268,Northbend,1589 Best Ave,13,3,8,NO,1,2,3,YES,175960
811,1/2/2015,1,4,3,4,2,268,Northbend,4538 Flute Hwy,3,3,8,NO,0,2,3,YES,871305
969,1/3/2015,1,4,1,5,2,268,Northbend,8811 Maple Hwy,18,3,8,NO,2,2,3,YES,769475
508,1/30/2015,3,2,2,5,2,269,Northbrook,9293 Pine Lane,0,1,8,NO,2,2,3,YES,925128
868,2/14/2015,1,3,3,1,2,270,Riverwood,3929 Oak Drive,22,2,8,NO,0,3,3,YES,167466
385,1/4/2015,3,2,2,5,2,270,Riverwood,1220 MLK Ave,16,1,8,NO,2,2,3,YES,500384
654,2/21/2015,1,4,2,5,2,270,Riverwood,1833 Solo Ave,17,3,8,NO,1,3,3,YES,488464
110,1/27/2015,1,3,1,2,2,271,Springfield,3052 Weaver Ridge,16,3,8,NO,0,3,3,YES,853360
77,1/14/2015,1,2,2,2,2,271,Springfield,2078 3rd Ave,18,3,8,NO,1,1,3,YES,166264
574,2/28/2015,3,3,1,4,2,271,Springfield,5189 Francis Drive,19,1,8,NO,0,2,3,YES,603632
610,2/3/2015,3,2,2,5,2,271,Springfield,2509 Rock Drive,14,1,8,NO,2,0,3,YES,407958
26,1/9/2015,1,3,1,4,3,272,Arlington,3418 Texas Lane,16,3,8,NO,1,3,3,YES,699044
177,1/7/2015,3,2,2,1,3,273,Hillsdale,9706 MLK Lane,1,1,8,NO,1,1,3,YES,914815
96,2/21/2015,4,1,2,3,3,274,Northbrook,3289 Britain Drive,5,1,8,NO,2,0,3,YES,992145
165,1/7/2015,1,3,3,2,4,275,Columbus,2733 Texas Drive,18,3,8,NO,2,0,3,YES,985436
720,2/20/2015,4,1,4,5,4,276,Northbend,8920 Best Ave,21,1,8,NO,1,0,3,YES,922937
911,2/27/2015,3,4,2,5,4,277,Springfield,3171 Andromedia Lane,9,1,8,NO,1,2,3,YES,159536
308,2/15/2015,1,3,3,2,5,278,Arlington,6719 Flute St,14,3,8,NO,1,2,3,YES,931625
232,2/16/2015,3,4,2,5,5,278,Arlington,5277 Texas Lane,18,1,8,NO,2,3,3,YES,667021
477,1/15/2015,3,3,1,4,5,279,Columbus,7693 Cherokee Lane,16,1,8,NO,0,3,3,YES,662256
360,2/28/2015,3,4,3,4,5,279,Columbus,4429 Washington St,12,1,8,NO,1,0,3,YES,200827
907,1/9/2015,1,3,1,5,5,279,Columbus,9278 Francis Ridge,16,3,8,NO,2,0,3,YES,221186
23,1/11/2015,1,3,1,1,5,280,Hillsdale,2526 Embaracadero Ave,20,3,8,NO,0,0,3,YES,285496
595,1/9/2015,1,4,1,2,5,280,Hillsdale,5894 Flute Drive,13,3,8,NO,2,1,3,YES,497929
365,1/25/2015,2,1,2,5,5,280,Hillsdale,1919 4th Lane,8,1,8,NO,2,2,3,YES,832746
467,2/23/2015,1,4,1,2,5,281,Northbend,4231 3rd Ave,2,3,8,NO,0,1,3,YES,628337
523,2/13/2015,1,3,2,2,5,281,Northbend,9109 Britain Drive,20,4,8,NO,0,2,3,YES,726880
29,1/8/2015,3,4,2,4,5,281,Northbend,3220 Rock Drive,21,1,8,NO,1,0,3,YES,914088
489,2/23/2015,3,4,3,4,5,281,Northbend,6751 5th Hwy,8,1,8,NO,0,3,3,YES,735307
265,1/30/2015,3,4,2,5,5,281,Northbend,3184 Oak Ave,9,1,8,NO,1,0,3,YES,942504
452,2/25/2015,3,4,3,2,5,282,Northbrook,9488 Best Drive,3,1,8,NO,2,0,3,YES,372912
840,3/1/2015,3,3,1,5,5,282,Northbrook,7197 2nd Drive,4,1,8,NO,2,2,3,YES,965187
614,1/21/2015,1,2,2,5,5,282,Northbrook,9911 Britain Lane,23,3,8,NO,0,2,3,YES,831053
572,2/22/2015,1,4,2,5,5,282,Northbrook,3659 Oak Lane,20,3,8,NO,0,2,3,YES,485295
629,1/3/2015,3,2,1,2,5,283,Riverwood,2757 4th Hwy,10,1,8,NO,2,3,3,YES,730819
74,2/23/2015,1,3,2,2,5,283,Riverwood,7923 Elm Ave,7,3,8,NO,2,0,3,YES,761189
567,1/12/2015,3,3,2,2,5,283,Riverwood,3323 1st Lane,16,1,8,NO,2,0,3,YES,250249
540,2/17/2015,3,2,3,2,5,283,Riverwood,9787 Andromedia Ave,19,1,8,NO,0,2,3,YES,372891
887,2/9/2015,3,2,3,2,5,283,Riverwood,7144 Andromedia St,13,1,8,NO,1,0,3,YES,556538
897,1/18/2015,2,1,4,3,5,283,Riverwood,5630 1st Drive,13,1,8,NO,0,3,3,YES,272910
311,1/1/2015,1,3,1,4,5,284,Springfield,4671 5th Ridge,10,3,8,NO,2,2,3,YES,261315
869,2/4/2015,1,2,2,4,5,284,Springfield,1469 Lincoln Drive,15,3,8,NO,1,2,3,YES,664732
570,2/24/2015,3,2,3,4,5,284,Springfield,9007 Francis Hwy,8,1,8,NO,1,3,3,YES,976908
15,1/15/2015,3,3,3,5,5,284,Springfield,6851 3rd Drive,12,1,8,NO,0,2,3,YES,644081
190,2/16/2015,3,3,3,1,6,285,Columbus,7819 Oak St,11,1,8,NO,0,2,3,YES,438817
669,2/2/2015,3,3,1,1,6,286,Hillsdale,5071 1st Lane,21,1,8,NO,2,2,3,YES,794951
813,1/15/2015,3,2,2,1,6,286,Hillsdale,2798 1st Ave,23,1,8,NO,2,0,3,YES,485813
84,1/19/2015,4,1,4,3,6,286,Hillsdale,2333 Maple Lane,13,1,8,NO,0,3,3,YES,960680
960,2/4/2015,4,1,2,5,6,286,Hillsdale,7405 Oak St,21,1,8,NO,0,0,3,YES,645723
368,1/31/2015,3,2,2,1,6,287,Northbend,2777 Solo Drive,15,1,8,NO,1,0,3,YES,594722
675,2/24/2015,4,1,4,3,6,287,Northbend,1515 Embaracadero St,0,1,8,NO,1,1,3,YES,944953
55,2/27/2015,2,1,2,5,6,287,Northbend,5821 2nd St,5,1,8,NO,0,1,3,YES,282195
837,2/26/2015,3,3,3,5,6,287,Northbend,2381 1st Hwy,0,1,8,NO,0,1,3,YES,797636
815,1/16/2015,1,2,3,1,6,288,Riverwood,7281 Oak St,0,3,8,NO,0,1,3,YES,907113
533,1/25/2015,1,2,3,4,6,288,Riverwood,3508 Washington St,12,3,8,NO,1,3,3,YES,283052
527,2/12/2015,1,4,1,1,6,289,Springfield,5868 Sky Hwy,6,3,8,NO,2,0,3,YES,164988
140,2/21/2015,1,2,3,4,6,289,Springfield,8080 Oak Lane,19,3,8,NO,0,2,3,YES,756054
38,1/18/2015,2,1,2,3,7,290,Arlington,6676 Tree Lane,16,1,8,NO,1,1,3,YES,933293
812,2/25/2015,4,1,2,3,7,290,Arlington,4434 Weaver St,3,1,8,NO,0,3,3,YES,488037
89,1/30/2015,2,1,4,3,7,290,Arlington,5540 Sky St,9,1,8,NO,0,1,3,YES,679370
775,1/28/2015,1,4,2,5,7,290,Arlington,8917 Cherokee Lane,14,4,8,NO,1,0,3,YES,265437
9,1/30/2015,3,2,3,5,7,290,Arlington,4872 Rock Ridge,21,1,8,NO,1,1,3,YES,485665
166,2/23/2015,1,4,2,1,7,291,Columbus,7684 Francis Ridge,4,3,8,NO,2,2,3,YES,237418
725,1/23/2015,1,4,3,2,7,291,Columbus,9529 4th Drive,12,3,8,NO,0,0,3,YES,961496
655,2/1/2015,3,4,2,4,7,291,Columbus,1953 Sky Lane,22,1,8,NO,1,3,3,YES,480094
785,2/19/2015,1,2,3,5,7,291,Columbus,8617 Best Ave,21,3,8,NO,0,0,3,YES,440616
854,1/21/2015,3,2,2,2,7,292,Hillsdale,7502 Rock Lane,18,1,8,NO,1,3,3,YES,331683
954,2/26/2015,4,1,2,3,7,292,Hillsdale,9322 Rock Hwy,3,1,8,NO,1,0,3,YES,791425
63,1/12/2015,3,4,2,4,7,292,Hillsdale,3567 4th Drive,12,1,8,NO,0,3,3,YES,343161
336,2/1/2015,3,3,2,5,7,292,Hillsdale,3809 Texas Lane,16,1,8,NO,0,1,3,YES,623032
535,1/12/2015,1,3,3,2,7,293,Northbend,8897 Sky St,17,3,8,NO,1,2,3,YES,382394
748,2/13/2015,1,4,3,2,7,293,Northbend,1618 Maple Hwy,21,3,8,NO,1,1,3,YES,230223
872,1/28/2015,2,1,2,3,7,293,Northbend,8492 Andromedia Ridge,8,1,8,NO,2,0,3,YES,467841
18,1/6/2015,3,4,3,5,7,293,Northbend,4546 Tree St,9,1,8,NO,0,2,3,YES,275265
694,1/25/2015,1,4,2,1,7,294,Northbrook,7701 Tree St,17,3,8,NO,2,0,3,YES,469426
718,2/23/2015,1,4,2,1,7,294,Northbrook,6399 Oak Drive,4,3,8,NO,0,3,3,YES,447226
921,2/4/2015,3,3,3,4,7,294,Northbrook,6638 Tree Drive,17,1,8,NO,1,0,3,YES,118236
473,2/5/2015,1,4,3,1,7,295,Riverwood,7649 Texas St,15,3,8,NO,2,0,3,YES,484321
964,2/9/2015,4,1,2,5,7,295,Riverwood,3952 Andromedia Lane,8,1,8,NO,0,0,3,YES,544225
743,1/29/2015,1,4,1,4,7,296,Springfield,3098 Oak Lane,2,3,8,NO,2,1,3,YES,990624
566,1/14/2015,3,4,2,4,7,296,Springfield,1248 MLK Ridge,4,1,8,NO,2,2,3,YES,556415
384,2/28/2015,3,3,2,1,1,297,Arlington,5649 Texas Ave,18,1,9,YES,0,1,3,YES,858060
804,1/14/2015,3,3,2,1,1,297,Arlington,8368 Cherokee Ave,17,1,9,YES,1,0,3,YES,379268
500,1/21/2015,3,4,2,4,1,298,Northbend,9066 Best Ridge,2,1,9,YES,1,1,3,YES,599262
913,1/30/2015,1,3,1,5,1,298,Northbend,4477 5th Ave,15,3,9,YES,2,1,3,YES,155604
798,1/4/2015,3,4,2,2,1,299,Northbrook,6741 Oak Ridge,23,1,9,YES,0,1,3,YES,804608
875,1/19/2015,3,4,2,4,1,300,Riverwood,5769 Texas Lane,10,1,9,YES,1,0,3,YES,762951
716,1/11/2015,1,3,1,1,1,301,Springfield,4910 1st Lane,15,3,9,YES,2,3,3,YES,465065
596,1/20/2015,3,3,1,5,1,301,Springfield,8459 Apache Ave,13,1,9,YES,1,2,3,YES,735844
246,1/19/2015,3,3,1,2,2,302,Arlington,9751 Sky Ridge,7,1,9,YES,0,3,3,YES,513099
321,2/6/2015,3,2,3,2,2,303,Columbus,1346 5th Lane,17,1,9,YES,0,2,3,YES,876714
873,1/10/2015,1,4,1,1,2,304,Hillsdale,1353 Washington St,23,3,9,YES,0,0,3,YES,219028
418,1/28/2015,3,3,3,1,2,304,Hillsdale,9910 Maple Ave,22,1,9,YES,1,2,3,YES,165565
221,2/22/2015,3,2,1,4,2,304,Hillsdale,5483 Francis Drive,18,1,9,YES,1,2,3,YES,940942
851,1/19/2015,1,4,3,5,2,304,Hillsdale,9580 MLK Ave,19,3,9,YES,2,0,3,YES,990998
129,2/6/2015,3,2,1,2,2,305,Northbend,8983 Francis Ridge,22,1,9,YES,0,3,3,YES,517240
247,1/17/2015,3,4,2,2,2,305,Northbend,9020 Elm Ave,19,1,9,YES,0,2,3,YES,184938
719,1/15/2015,3,2,2,4,2,305,Northbend,3127 Flute St,8,1,9,YES,0,0,3,YES,831668
326,2/7/2015,1,4,3,5,2,305,Northbend,1316 Britain Ridge,23,3,9,YES,1,1,3,YES,984948
928,1/13/2015,3,2,1,4,2,306,Northbrook,1173 Andromedia Ave,15,1,9,YES,1,3,3,YES,449263
862,2/11/2015,1,4,2,4,2,306,Northbrook,1880 Weaver Drive,17,3,9,YES,0,2,3,YES,489618
188,2/25/2015,4,1,2,5,2,306,Northbrook,5445 Tree Hwy,9,1,9,YES,1,3,3,YES,134430
213,1/24/2015,1,4,2,1,2,307,Riverwood,9760 Solo Lane,12,3,9,YES,2,3,3,YES,565564
915,3/1/2015,1,2,1,2,2,307,Riverwood,7495 Washington Ave,2,4,9,YES,0,2,3,YES,117862
153,1/8/2015,1,3,3,5,2,307,Riverwood,7582 Pine Drive,23,3,9,YES,1,3,3,YES,904191
849,2/20/2015,3,4,1,1,2,308,Springfield,9214 Texas Drive,23,1,9,YES,1,2,3,YES,953334
226,1/28/2015,3,2,3,1,2,308,Springfield,7705 Best Ridge,4,1,9,YES,0,1,3,YES,267885
447,1/16/2015,3,3,3,2,2,308,Springfield,7327 Lincoln Drive,20,1,9,YES,2,3,3,YES,812989
320,1/31/2015,3,4,1,4,2,308,Springfield,6250 1st Ridge,19,1,9,YES,0,1,3,YES,740384
259,2/2/2015,4,1,4,5,2,308,Springfield,6259 Weaver St,2,1,9,YES,1,3,3,YES,594739
431,2/12/2015,1,2,3,1,3,309,Arlington,1655 Francis Hwy,16,4,9,YES,1,2,3,YES,687639
361,2/4/2015,1,3,1,1,3,310,Columbus,2651 MLK Lane,3,3,9,YES,2,1,3,YES,533941
981,2/15/2015,3,3,2,1,3,311,Northbend,7570 Cherokee Drive,12,1,9,YES,0,2,3,YES,908935
548,2/2/2015,1,4,1,4,3,312,Northbrook,6206 3rd Ridge,18,3,9,YES,2,1,3,YES,116645
993,1/23/2015,1,2,1,2,3,313,Springfield,1705 Weaver St,6,3,9,YES,1,2,3,YES,215278
789,1/8/2015,3,2,1,2,3,313,Springfield,7393 Washington St,7,1,9,YES,2,1,3,YES,594783
27,1/28/2015,2,1,2,5,4,314,Arlington,2533 Elm St,4,1,9,YES,1,3,3,YES,863236
297,2/1/2015,1,2,2,5,4,315,Hillsdale,6522 Apache Drive,15,3,9,YES,2,2,3,YES,655787
807,1/1/2015,3,4,1,2,5,316,Arlington,5459 MLK Ave,1,1,9,YES,0,1,3,YES,798579
646,2/16/2015,1,3,3,2,5,316,Arlington,6309 5th Ave,4,3,9,YES,2,1,3,YES,577858
744,2/8/2015,1,2,1,4,5,316,Arlington,9103 MLK Lane,9,3,9,YES,2,2,3,YES,892148
257,2/22/2015,1,4,3,4,5,316,Arlington,5862 Apache Ridge,16,3,9,YES,1,0,3,YES,812025
412,2/12/2015,2,1,4,5,5,316,Arlington,3693 Pine Ave,6,1,9,YES,2,0,3,YES,630998
1,1/25/2015,3,4,1,5,5,317,Columbus,9935 4th Drive,5,1,9,YES,1,2,3,YES,521585
270,2/25/2015,1,2,3,2,5,318,Hillsdale,3797 Solo Lane,14,3,9,YES,2,3,3,YES,842618
322,2/4/2015,1,3,1,4,5,318,Hillsdale,1128 Maple Lane,13,3,9,YES,0,3,3,YES,951543
98,1/22/2015,1,3,2,4,5,318,Hillsdale,1679 2nd Hwy,4,4,9,YES,1,2,3,YES,235220
924,1/6/2015,3,3,3,4,5,318,Hillsdale,8845 5th Ave,2,1,9,YES,1,0,3,YES,524215
524,2/20/2015,1,3,3,2,5,319,Northbend,2290 4th Ave,9,3,9,YES,2,1,3,YES,190588
555,1/7/2015,1,4,2,4,5,319,Northbend,5363 Weaver Lane,10,3,9,YES,1,2,3,YES,540152
728,2/14/2015,3,3,1,5,5,319,Northbend,4782 Sky Lane,14,1,9,YES,0,1,3,YES,691115
280,2/6/2015,1,4,2,5,5,319,Northbend,7434 Oak Hwy,15,3,9,YES,2,1,3,YES,356768
289,2/13/2015,3,3,1,1,5,320,Northbrook,3982 Washington Hwy,6,1,9,YES,1,2,3,YES,332892
544,1/24/2015,1,3,2,1,5,320,Northbrook,8983 Tree St,4,3,9,YES,0,0,3,YES,421092
889,1/12/2015,3,3,1,2,5,320,Northbrook,7544 Washington Ave,8,1,9,YES,1,2,3,YES,963761
971,1/22/2015,3,4,3,2,5,320,Northbrook,5475 Rock Lane,13,1,9,YES,2,0,3,YES,844129
791,2/20/2015,2,1,4,3,5,320,Northbrook,7928 Maple Ridge,6,1,9,YES,2,1,3,YES,607259
283,2/18/2015,4,1,2,5,5,320,Northbrook,7693 Britain Lane,14,1,9,YES,0,0,3,YES,799501
945,2/4/2015,3,4,3,5,5,320,Northbrook,1654 Pine St,12,1,9,YES,1,3,3,YES,281388
707,1/8/2015,3,3,2,2,5,321,Riverwood,1515 Pine Lane,17,1,9,YES,2,3,3,YES,458829
191,2/9/2015,2,1,2,3,5,321,Riverwood,1845 Best St,8,1,9,YES,0,1,3,YES,293794
835,1/7/2015,4,1,2,5,5,321,Riverwood,4577 Sky Hwy,21,1,9,YES,1,1,3,YES,684653
12,2/15/2015,1,2,1,2,5,322,Springfield,5971 5th Hwy,21,3,9,YES,1,2,3,YES,214618
79,1/24/2015,4,1,2,3,5,322,Springfield,7877 Sky Lane,15,1,9,YES,2,2,3,YES,627540
957,2/23/2015,1,4,3,5,5,322,Springfield,7846 Andromedia Drive,21,3,9,YES,0,3,3,YES,433663
833,1/16/2015,4,1,2,3,6,323,Arlington,1941 5th Ridge,10,1,9,YES,1,3,3,YES,863749
398,2/8/2015,3,2,2,2,6,324,Hillsdale,6390 Apache St,17,1,9,YES,0,2,3,YES,932097
440,1/1/2015,2,1,4,3,6,324,Hillsdale,4629 Elm Ridge,10,1,9,YES,2,1,3,YES,180720
194,1/2/2015,4,1,2,5,6,324,Hillsdale,6165 Rock Ridge,8,1,9,YES,1,1,3,YES,882920
346,2/23/2015,3,4,2,5,6,324,Hillsdale,6945 Texas Hwy,19,1,9,YES,0,2,3,YES,613226
115,2/24/2015,4,1,2,3,6,325,Northbrook,4574 Britain Hwy,9,1,9,YES,1,1,3,YES,143626
905,1/24/2015,1,4,3,4,6,326,Riverwood,7835 Cherokee Hwy,22,3,9,YES,2,1,3,YES,175553
75,3/1/2015,1,4,2,1,6,327,Springfield,4755 Best Lane,18,3,9,YES,1,0,3,YES,175177
769,1/7/2015,3,3,2,4,6,327,Springfield,5812 Weaver Ave,3,1,9,YES,2,0,3,YES,259792
805,2/3/2015,2,1,4,3,7,328,Arlington,4905 Best Lane,3,1,9,YES,2,3,3,YES,362843
635,2/20/2015,3,4,1,5,7,328,Arlington,8097 Maple Lane,14,1,9,YES,0,3,3,YES,431583
579,2/2/2015,1,3,3,5,7,328,Arlington,9918 Andromedia Drive,15,2,9,YES,1,3,3,YES,794731
106,1/1/2015,4,1,2,3,7,329,Columbus,8085 Andromedia St,4,1,9,YES,1,3,3,YES,872814
357,1/29/2015,1,4,1,4,7,329,Columbus,8542 Lincoln Ridge,14,3,9,YES,1,1,3,YES,340614
561,2/4/2015,1,4,3,5,7,329,Columbus,9633 MLK Lane,23,3,9,YES,1,1,3,YES,756870
35,2/12/2015,3,4,3,2,7,330,Hillsdale,3540 Maple St,17,1,9,YES,0,1,3,YES,990493
656,2/25/2015,3,4,1,4,7,330,Hillsdale,6834 1st Drive,18,1,9,YES,1,1,3,YES,263108
637,1/18/2015,4,1,2,5,7,330,Hillsdale,9573 2nd Ave,8,1,9,YES,2,1,3,YES,110143
689,1/15/2015,1,4,2,1,7,331,Northbend,4939 Oak Lane,20,3,9,YES,1,3,3,YES,885789
64,2/6/2015,1,2,1,2,7,331,Northbend,2457 Washington Ave,20,3,9,YES,2,2,3,YES,519312
102,2/19/2015,3,4,1,5,7,331,Northbend,7773 Tree Hwy,13,1,9,YES,1,0,3,YES,193442
774,1/16/2015,1,3,3,1,7,332,Northbrook,1916 Elm St,14,3,9,YES,0,1,3,YES,179538
347,1/28/2015,3,3,2,1,7,333,Springfield,5639 1st Ridge,0,1,9,YES,2,0,3,YES,804410
36,1/24/2015,3,2,1,4,7,333,Springfield,3104 Sky Drive,15,1,9,YES,2,0,3,YES,129872
779,1/3/2015,1,2,3,5,7,333,Springfield,2272 Embaracadero Drive,0,3,9,YES,2,2,3,YES,192524
587,1/10/2015,4,1,4,5,7,333,Springfield,6378 Britain Ave,7,1,9,YES,1,3,3,YES,290162
